number,file,label,group,color
1,KLH033a_0001.wav,a,1,Red
2,KLH033a_0002.wav,o,4,Green
3,KLH033a_0003.wav,a,1,Red
4,KLH033a_0004.wav,ai,11,Teal
5,KLH033a_0005.wav,a,1,Red
6,KLH033a_0006.wav,i,3,Black
7,KLH033a_0007.wav,ae,12,Navy
8,KLH033a_0008.wav,,6,Yellow
9,KLH033a_0009.wav,au,14,Maroon
10,KLH033a_0010.wav,i,3,Black
11,KLH033a_0011.wav,a,1,Red
12,KLH033a_0012.wav,au,14,Maroon
13,KLH033a_0013.wav,i,3,Black
14,KLH033a_0014.wav,o,4,Green
15,KLH033a_0015.wav,a,1,Red
16,KLH033a_0016.wav,,7,Magenta
17,KLH033a_0017.wav,,6,Yellow
18,KLH033a_0018.wav,i,15,Grey
19,KLH033a_0019.wav,a,1,Red
20,KLH033a_0020.wav,au,14,Maroon
21,KLH033a_0021.wav,ai,11,Teal
22,KLH033a_0022.wav,a,1,Red
23,KLH033a_0023.wav,a,1,Red
24,KLH033a_0024.wav,a,1,Red
25,KLH033a_0025.wav,a,1,Red
26,KLH033a_0026.wav,M,9,Lime
27,KLH033a_0027.wav,u,5,Olive
28,KLH033a_0028.wav,a,1,Red
29,KLH033a_0029.wav,a,1,Red
30,KLH033a_0030.wav,a,1,Red
31,KLH033a_0031.wav,a,1,Red
32,KLH033a_0032.wav,u,5,Olive
33,KLH033a_0033.wav,u,5,Olive
34,KLH033a_0034.wav,a,1,Red
35,KLH033a_0035.wav,ae,12,Navy
36,KLH033a_0036.wav,a,1,Red
37,KLH033a_0037.wav,o,4,Green
38,KLH033a_0038.wav,e,2,Blue
39,KLH033a_0039.wav,au,14,Maroon
40,KLH033a_0040.wav,ou,20,Blue
41,KLH033a_0041.wav,a,1,Red
42,KLH033a_0042.wav,e,2,Blue
43,KLH033a_0043.wav,M,9,Lime
44,KLH033a_0044.wav,u,5,Olive
45,KLH033a_0045.wav,a,1,Red
46,KLH033a_0046.wav,o,4,Green
47,KLH033a_0047.wav,a,1,Red
48,KLH033a_0048.wav,i,15,Grey
49,KLH033a_0049.wav,a,1,Red
50,KLH033a_0050.wav,au,14,Maroon
51,KLH033a_0051.wav,a,1,Red
52,KLH033a_0052.wav,a,1,Red
53,KLH033a_0053.wav,o,4,Green
54,KLH033a_0054.wav,o,4,Green
55,KLH033a_0055.wav,a,1,Red
56,KLH033a_0056.wav,i,3,Black
57,KLH033a_0057.wav,au,14,Maroon
58,KLH033a_0058.wav,ai,11,Teal
59,KLH033a_0059.wav,a,1,Red
60,KLH033a_0060.wav,a,1,Red
61,KLH033a_0061.wav,a,1,Red
62,KLH033a_0062.wav,o,4,Green
63,KLH033a_0063.wav,a,1,Red
64,KLH033a_0064.wav,M,9,Lime
65,KLH033a_0065.wav,u,5,Olive
66,KLH033a_0066.wav,i,15,Grey
67,KLH033a_0067.wav,a,1,Red
68,KLH033a_0068.wav,e,2,Blue
69,KLH033a_0069.wav,a,1,Red
70,KLH033a_0070.wav,i,3,Black
71,KLH033a_0071.wav,o,4,Green
72,KLH033a_0072.wav,M,9,Lime
73,KLH033a_0073.wav,,6,Yellow
74,KLH033a_0074.wav,o,4,Green
75,KLH033a_0075.wav,a,1,Red
76,KLH033a_0076.wav,a,1,Red
77,KLH033a_0077.wav,,6,Yellow
78,KLH033a_0078.wav,e,2,Blue
79,KLH033a_0079.wav,e,2,Blue
80,KLH033a_0080.wav,a,1,Red
81,KLH033a_0081.wav,a,1,Red
82,KLH033a_0082.wav,a,1,Red
83,KLH033a_0083.wav,a,1,Red
84,KLH033a_0084.wav,a,1,Red
85,KLH033a_0085.wav,i,3,Black
86,KLH033a_0086.wav,,6,Yellow
87,KLH033a_0087.wav,au,14,Maroon
88,KLH033a_0088.wav,i,3,Black
89,KLH033a_0089.wav,a,1,Red
90,KLH033a_0090.wav,au,14,Maroon
91,KLH033a_0091.wav,a,1,Red
92,KLH033a_0092.wav,a,1,Red
93,KLH033a_0093.wav,e,2,Blue
94,KLH033a_0094.wav,i,3,Black
95,KLH033a_0095.wav,a,1,Red
96,KLH033a_0096.wav,e,2,Blue
97,KLH033a_0097.wav,,6,Yellow
98,KLH033a_0098.wav,k,10,Purple
99,KLH033a_0099.wav,u,5,Olive
100,KLH033a_0100.wav,a,1,Red
101,KLH033a_0101.wav,o,4,Green
102,KLH033a_0102.wav,ai,11,Teal
103,KLH033a_0103.wav,a,1,Red
104,KLH033a_0104.wav,a,1,Red
105,KLH033a_0105.wav,,6,Yellow
106,KLH033a_0106.wav,k,10,Purple
107,KLH033a_0107.wav,u,5,Olive
108,KLH033a_0108.wav,a,1,Red
109,KLH033a_0109.wav,au,14,Maroon
110,KLH033a_0110.wav,i,3,Black
111,KLH033a_0111.wav,i,3,Black
112,KLH033a_0112.wav,,6,Yellow
113,KLH033a_0113.wav,ai,11,Teal
114,KLH033a_0114.wav,i,3,Black
115,KLH033a_0115.wav,a,1,Red
116,KLH033a_0116.wav,ai,11,Teal
117,KLH033a_0117.wav,a,1,Red
118,KLH033a_0118.wav,o,4,Green
119,KLH033a_0119.wav,i,3,Black
120,KLH033a_0120.wav,a,1,Red
121,KLH033a_0121.wav,M,9,Lime
122,KLH033a_0122.wav,o,4,Green
123,KLH033a_0123.wav,u,5,Olive
124,KLH033a_0124.wav,au,14,Maroon
125,KLH033a_0125.wav,,6,Yellow
126,KLH033a_0126.wav,u,5,Olive
127,KLH033a_0127.wav,a,1,Red
128,KLH033a_0128.wav,o,4,Green
129,KLH033a_0129.wav,i,3,Black
130,KLH033a_0130.wav,a,1,Red
131,KLH033a_0131.wav,a,1,Red
132,KLH033a_0132.wav,u,5,Olive
133,KLH033a_0133.wav,e,2,Blue
134,KLH033a_0134.wav,a,1,Red
135,KLH033a_0135.wav,o,4,Green
136,KLH033a_0136.wav,ao,13,Pink
137,KLH033a_0137.wav,o,4,Green
138,KLH033a_0138.wav,o,4,Green
139,KLH033a_0139.wav,o,4,Green
140,KLH033a_0140.wav,o,4,Green
141,KLH033a_0141.wav,,6,Yellow
142,KLH033a_0142.wav,k,10,Purple
143,KLH033a_0143.wav,u,5,Olive
144,KLH033a_0144.wav,a,1,Red
145,KLH033a_0145.wav,a,1,Red
146,KLH033a_0146.wav,e,2,Blue
147,KLH033a_0147.wav,e,2,Blue
148,KLH033a_0148.wav,au,14,Maroon
149,KLH033a_0149.wav,o,4,Green
150,KLH033a_0150.wav,o,4,Green
151,KLH033a_0151.wav,a,1,Red
152,KLH033a_0152.wav,i,3,Black
153,KLH033a_0153.wav,a,1,Red
154,KLH033a_0154.wav,a,1,Red
155,KLH033a_0155.wav,a,1,Red
156,KLH033a_0156.wav,a,1,Red
157,KLH033a_0157.wav,a,1,Red
158,KLH033a_0158.wav,,6,Yellow
159,KLH033a_0159.wav,a,1,Red
160,KLH033a_0160.wav,i,3,Black
161,KLH033a_0161.wav,o,4,Green
162,KLH033a_0162.wav,a,1,Red
163,KLH033a_0163.wav,o,4,Green
164,KLH033a_0164.wav,e,2,Blue
165,KLH033a_0165.wav,i,3,Black
166,KLH033a_0166.wav,o,4,Green
167,KLH033a_0167.wav,a,1,Red
168,KLH033a_0168.wav,,7,Magenta
169,KLH033a_0169.wav,a,1,Red
170,KLH033a_0170.wav,e,2,Blue
171,KLH033a_0171.wav,a,1,Red
172,KLH033a_0172.wav,o,4,Green
173,KLH033a_0173.wav,e,2,Blue
174,KLH033a_0174.wav,ao,13,Pink
175,KLH033a_0175.wav,e,2,Blue
176,KLH033a_0176.wav,i,3,Black
177,KLH033a_0177.wav,o,4,Green
178,KLH033a_0178.wav,a,1,Red
179,KLH033a_0179.wav,i,3,Black
180,KLH033a_0180.wav,,6,Yellow
181,KLH033a_0181.wav,M,9,Lime
182,KLH033a_0182.wav,o,4,Green
183,KLH033a_0183.wav,e,2,Blue
184,KLH033a_0184.wav,k,10,Purple
185,KLH033a_0185.wav,e,2,Blue
186,KLH033a_0186.wav,i,3,Black
187,KLH033a_0187.wav,a,1,Red
188,KLH033a_0188.wav,ai,11,Teal
189,KLH033a_0189.wav,,7,Magenta
190,KLH033a_0190.wav,,6,Yellow
191,KLH033a_0191.wav,i,3,Black
192,KLH033a_0192.wav,o,4,Green
193,KLH033a_0193.wav,a,1,Red
194,KLH033a_0194.wav,a,1,Red
195,KLH033a_0195.wav,ai,11,Teal
196,KLH033a_0196.wav,a,1,Red
197,KLH033a_0197.wav,o,4,Green
198,KLH033a_0198.wav,e,2,Blue
199,KLH033a_0199.wav,au,14,Maroon
200,KLH033a_0200.wav,o,4,Green
201,KLH033a_0201.wav,o,4,Green
202,KLH033a_0202.wav,a,1,Red
203,KLH033a_0203.wav,o,4,Green
204,KLH033a_0204.wav,i,3,Black
205,KLH033a_0205.wav,a,1,Red
206,KLH033a_0206.wav,o,4,Green
207,KLH033a_0207.wav,u,5,Olive
208,KLH033a_0208.wav,u,5,Olive
209,KLH033a_0209.wav,a,1,Red
210,KLH033a_0210.wav,a,1,Red
211,KLH033a_0211.wav,i,3,Black
212,KLH033a_0212.wav,e,2,Blue
213,KLH033a_0213.wav,u,5,Olive
214,KLH033a_0214.wav,u,5,Olive
215,KLH033a_0215.wav,a,1,Red
216,KLH033a_0216.wav,,6,Yellow
217,KLH033a_0217.wav,o,4,Green
218,KLH033a_0218.wav,a,1,Red
219,KLH033a_0219.wav,e,2,Blue
220,KLH033a_0220.wav,a,1,Red
221,KLH033a_0221.wav,a,1,Red
222,KLH033a_0222.wav,ai,11,Teal
223,KLH033a_0223.wav,a,1,Red
224,KLH033a_0224.wav,u,5,Olive
225,KLH033a_0225.wav,a,1,Red
226,KLH033a_0226.wav,e,2,Blue
227,KLH033a_0227.wav,u,5,Olive
228,KLH033a_0228.wav,a,1,Red
229,KLH033a_0229.wav,i,3,Black
230,KLH033a_0230.wav,i,3,Black
231,KLH033a_0231.wav,a,1,Red
232,KLH033a_0232.wav,i,3,Black
233,KLH033a_0233.wav,ai,11,Teal
234,KLH033a_0234.wav,a,1,Red
235,KLH033a_0235.wav,,6,Yellow
236,KLH033a_0236.wav,ou,20,Blue
237,KLH033a_0237.wav,e,2,Blue
238,KLH033a_0238.wav,a,1,Red
239,KLH033a_0239.wav,u,5,Olive
240,KLH033a_0240.wav,ai,11,Teal
241,KLH033a_0241.wav,,6,Yellow
242,KLH033a_0242.wav,,6,Yellow
243,KLH033a_0243.wav,ou,20,Blue
244,KLH033a_0244.wav,ai,11,Teal
245,KLH033a_0245.wav,a,1,Red
246,KLH033a_0246.wav,a,1,Red
247,KLH033a_0247.wav,ae,12,Navy
248,KLH033a_0248.wav,a,1,Red
249,KLH033a_0249.wav,o,4,Green
250,KLH033a_0250.wav,o,4,Green
251,KLH033a_0251.wav,,6,Yellow
252,KLH033a_0252.wav,ou,20,Blue
253,KLH033a_0253.wav,e,2,Blue
254,KLH033a_0254.wav,a,1,Red
255,KLH033a_0255.wav,a,1,Red
256,KLH033a_0256.wav,o,4,Green
257,KLH033a_0257.wav,e,2,Blue
258,KLH033a_0258.wav,o,4,Green
259,KLH033a_0259.wav,i,3,Black
260,KLH033a_0260.wav,a,1,Red
261,KLH033a_0261.wav,,6,Yellow
262,KLH033a_0262.wav,,6,Yellow
263,KLH033a_0263.wav,ou,20,Blue
264,KLH033a_0264.wav,a,1,Red
265,KLH033a_0265.wav,o,4,Green
266,KLH033a_0266.wav,e,2,Blue
267,KLH033a_0267.wav,ai,11,Teal
268,KLH033a_0268.wav,o,4,Green
269,KLH033a_0269.wav,i,3,Black
270,KLH033a_0270.wav,a,1,Red
271,KLH033a_0271.wav,i,3,Black
272,KLH033a_0272.wav,a,1,Red
273,KLH033a_0273.wav,,6,Yellow
274,KLH033a_0274.wav,ou,20,Blue
275,KLH033a_0275.wav,e,2,Blue
276,KLH033a_0276.wav,e,2,Blue
277,KLH033a_0277.wav,e,2,Blue
278,KLH033a_0278.wav,ai,11,Teal
279,KLH033a_0279.wav,a,1,Red
280,KLH033a_0280.wav,i,3,Black
281,KLH033a_0281.wav,e,2,Blue
282,KLH033a_0282.wav,a,1,Red
283,KLH033a_0283.wav,e,2,Blue
284,KLH033a_0284.wav,o,4,Green
285,KLH033a_0285.wav,a,1,Red
286,KLH033a_0286.wav,ai,11,Teal
287,KLH033a_0287.wav,e,2,Blue
288,KLH033a_0288.wav,i,3,Black
289,KLH033a_0289.wav,o,4,Green
290,KLH033a_0290.wav,i,24,Yellow
291,KLH033a_0291.wav,a,1,Red
292,KLH033a_0292.wav,,6,Yellow
293,KLH033a_0293.wav,ou,20,Blue
294,KLH033a_0294.wav,e,2,Blue
295,KLH033a_0295.wav,o,4,Green
296,KLH033a_0296.wav,o,4,Green
297,KLH033a_0297.wav,ai,11,Teal
298,KLH033a_0298.wav,a,1,Red
299,KLH033a_0299.wav,u,5,Olive
300,KLH033a_0300.wav,a,1,Red
301,KLH033a_0301.wav,ae,12,Navy
302,KLH033a_0302.wav,a,1,Red
303,KLH033a_0303.wav,a,1,Red
304,KLH033a_0304.wav,a,1,Red
305,KLH033a_0305.wav,ai,11,Teal
306,KLH033a_0306.wav,ae,12,Navy
307,KLH033a_0307.wav,i,24,Yellow
308,KLH033a_0308.wav,a,1,Red
309,KLH033a_0309.wav,,6,Yellow
310,KLH033a_0310.wav,M,9,Lime
311,KLH033a_0311.wav,a,1,Red
312,KLH033a_0312.wav,e,2,Blue
313,KLH033a_0313.wav,u,5,Olive
314,KLH033a_0314.wav,i,3,Black
315,KLH033a_0315.wav,u,5,Olive
316,KLH033a_0316.wav,i,3,Black
317,KLH033a_0317.wav,a,1,Red
318,KLH033a_0318.wav,e,2,Blue
319,KLH033a_0319.wav,o,4,Green
320,KLH033a_0320.wav,e,2,Blue
321,KLH033a_0321.wav,a,1,Red
322,KLH033a_0322.wav,o,4,Green
323,KLH033a_0323.wav,e,2,Blue
324,KLH033a_0324.wav,e,2,Blue
325,KLH033a_0325.wav,a,1,Red
326,KLH033a_0326.wav,i,3,Black
327,KLH033a_0327.wav,i,15,Grey
328,KLH033a_0328.wav,a,1,Red
329,KLH033a_0329.wav,M,9,Lime
330,KLH033a_0330.wav,a,1,Red
331,KLH033a_0331.wav,i,3,Black
332,KLH033a_0332.wav,i,3,Black
333,KLH033a_0333.wav,i,3,Black
334,KLH033a_0334.wav,i,3,Black
335,KLH033a_0335.wav,i,3,Black
336,KLH033a_0336.wav,o,4,Green
337,KLH033a_0337.wav,e,2,Blue
338,KLH033a_0338.wav,e,2,Blue
339,KLH033a_0339.wav,a,1,Red
340,KLH033a_0340.wav,i,3,Black
341,KLH033a_0341.wav,a,1,Red
342,KLH033a_0342.wav,a,1,Red
343,KLH033a_0343.wav,e,2,Blue
344,KLH033a_0344.wav,e,2,Blue
345,KLH033a_0345.wav,,6,Yellow
346,KLH033a_0346.wav,ou,20,Blue
347,KLH033a_0347.wav,e,2,Blue
348,KLH033a_0348.wav,o,4,Green
349,KLH033a_0349.wav,i,3,Black
350,KLH033a_0350.wav,o,4,Green
351,KLH033a_0351.wav,a,1,Red
352,KLH033a_0352.wav,o,4,Green
353,KLH033a_0353.wav,e,2,Blue
354,KLH033a_0354.wav,a,1,Red
355,KLH033a_0355.wav,i,3,Black
356,KLH033a_0356.wav,o,4,Green
357,KLH033a_0357.wav,e,2,Blue
358,KLH033a_0358.wav,,7,Magenta
359,KLH033a_0359.wav,a,1,Red
360,KLH033a_0360.wav,e,2,Blue
361,KLH033a_0361.wav,ai,11,Teal
362,KLH033a_0362.wav,a,1,Red
363,KLH033a_0363.wav,e,2,Blue
364,KLH033a_0364.wav,i,3,Black
365,KLH033a_0365.wav,e,2,Blue
366,KLH033a_0366.wav,i,3,Black
367,KLH033a_0367.wav,a,1,Red
368,KLH033a_0368.wav,,6,Yellow
369,KLH033a_0369.wav,i,24,Yellow
370,KLH033a_0370.wav,a,1,Red
371,KLH033a_0371.wav,a,1,Red
372,KLH033a_0372.wav,a,1,Red
373,KLH033a_0373.wav,u,5,Olive
374,KLH033a_0374.wav,i,3,Black
375,KLH033a_0375.wav,e,2,Blue
376,KLH033a_0376.wav,o,4,Green
377,KLH033a_0377.wav,e,2,Blue
378,KLH033a_0378.wav,ai,11,Teal
379,KLH033a_0379.wav,a,1,Red
380,KLH033a_0380.wav,au,14,Maroon
381,KLH033a_0381.wav,e,2,Blue
382,KLH033a_0382.wav,u,5,Olive
383,KLH033a_0383.wav,a,1,Red
384,KLH033a_0384.wav,a,1,Red
385,KLH033a_0385.wav,a,1,Red
386,KLH033a_0386.wav,i,3,Black
387,KLH033a_0387.wav,i,3,Black
388,KLH033a_0388.wav,a,1,Red
389,KLH033a_0389.wav,ai,11,Teal
390,KLH033a_0390.wav,ai,11,Teal
391,KLH033a_0391.wav,a,1,Red
392,KLH033a_0392.wav,u,5,Olive
393,KLH033a_0393.wav,a,1,Red
394,KLH033a_0394.wav,o,4,Green
395,KLH033a_0395.wav,o,4,Green
396,KLH033a_0396.wav,a,1,Red
397,KLH033a_0397.wav,ai,11,Teal
398,KLH033a_0398.wav,ai,11,Teal
399,KLH033a_0399.wav,o,4,Green
400,KLH033a_0400.wav,e,2,Blue
401,KLH033a_0401.wav,e,2,Blue
402,KLH033a_0402.wav,o,4,Green
403,KLH033a_0403.wav,o,4,Green
404,KLH033a_0404.wav,a,1,Red
405,KLH033a_0405.wav,M,9,Lime
406,KLH033a_0406.wav,o,4,Green
407,KLH033a_0407.wav,o,4,Green
408,KLH033a_0408.wav,o,4,Green
409,KLH033a_0409.wav,i,3,Black
410,KLH033a_0410.wav,i,3,Black
411,KLH033a_0411.wav,a,1,Red
412,KLH033a_0412.wav,e,2,Blue
413,KLH033a_0413.wav,au,14,Maroon
414,KLH033a_0414.wav,a,1,Red
415,KLH033a_0415.wav,i,3,Black
416,KLH033a_0416.wav,a,1,Red
417,KLH033a_0417.wav,a,1,Red
418,KLH033a_0418.wav,o,4,Green
419,KLH033a_0419.wav,o,4,Green
420,KLH033a_0420.wav,ai,11,Teal
421,KLH033a_0421.wav,e,2,Blue
422,KLH033a_0422.wav,o,4,Green
423,KLH033a_0423.wav,i,3,Black
424,KLH033a_0424.wav,o,4,Green
425,KLH033a_0425.wav,e,2,Blue
426,KLH033a_0426.wav,a,1,Red
427,KLH033a_0427.wav,o,4,Green
428,KLH033a_0428.wav,e,2,Blue
429,KLH033a_0429.wav,M,9,Lime
430,KLH033a_0430.wav,a,1,Red
431,KLH033a_0431.wav,e,2,Blue
432,KLH033a_0432.wav,e,2,Blue
433,KLH033a_0433.wav,u,5,Olive
434,KLH033a_0434.wav,i,3,Black
435,KLH033a_0435.wav,o,4,Green
436,KLH033a_0436.wav,a,1,Red
437,KLH033a_0437.wav,i,3,Black
438,KLH033a_0438.wav,a,1,Red
439,KLH033a_0439.wav,a,1,Red
440,KLH033a_0440.wav,a,1,Red
441,KLH033a_0441.wav,a,1,Red
442,KLH033a_0442.wav,a,1,Red
443,KLH033a_0443.wav,i,3,Black
444,KLH033a_0444.wav,i,3,Black
445,KLH033a_0445.wav,i,3,Black
446,KLH033a_0446.wav,i,3,Black
447,KLH033a_0447.wav,i,15,Grey
448,KLH033a_0448.wav,a,1,Red
449,KLH033a_0449.wav,a,1,Red
450,KLH033a_0450.wav,e,2,Blue
451,KLH033a_0451.wav,e,2,Blue
452,KLH033a_0452.wav,o,4,Green
453,KLH033a_0453.wav,e,2,Blue
454,KLH033a_0454.wav,o,4,Green
455,KLH033a_0455.wav,u,5,Olive
456,KLH033a_0456.wav,a,1,Red
457,KLH033a_0457.wav,a,1,Red
458,KLH033a_0458.wav,,6,Yellow
459,KLH033a_0459.wav,a,1,Red
460,KLH033a_0460.wav,a,1,Red
461,KLH033a_0461.wav,M,9,Lime
462,KLH033a_0462.wav,,7,Magenta
463,KLH033a_0463.wav,,6,Yellow
464,KLH033a_0464.wav,u,5,Olive
465,KLH033a_0465.wav,e,2,Blue
466,KLH033a_0466.wav,a,1,Red
467,KLH033a_0467.wav,i,24,Yellow
468,KLH033a_0468.wav,a,1,Red
469,KLH033a_0469.wav,u,5,Olive
470,KLH033a_0470.wav,a,1,Red
471,KLH033a_0471.wav,a,1,Red
472,KLH033a_0472.wav,e,2,Blue
473,KLH033a_0473.wav,i,3,Black
474,KLH033a_0474.wav,e,2,Blue
475,KLH033a_0475.wav,i,3,Black
476,KLH033a_0476.wav,M,9,Lime
477,KLH033a_0477.wav,o,4,Green
478,KLH033a_0478.wav,i,3,Black
479,KLH033a_0479.wav,o,4,Green
480,KLH033a_0480.wav,i,3,Black
481,KLH033a_0481.wav,a,1,Red
482,KLH033a_0482.wav,o,4,Green
483,KLH033a_0483.wav,,6,Yellow
484,KLH033a_0484.wav,ou,20,Blue
485,KLH033a_0485.wav,a,1,Red
486,KLH033a_0486.wav,u,5,Olive
487,KLH033a_0487.wav,u,5,Olive
488,KLH033a_0488.wav,e,2,Blue
489,KLH033a_0489.wav,,6,Yellow
490,KLH033a_0490.wav,e,2,Blue
491,KLH033a_0491.wav,a,1,Red
492,KLH033a_0492.wav,,7,Magenta
493,KLH033a_0493.wav,,6,Yellow
494,KLH033a_0494.wav,a,1,Red
495,KLH033a_0495.wav,o,4,Green
496,KLH033a_0496.wav,a,1,Red
497,KLH033a_0497.wav,ai,11,Teal
498,KLH033a_0498.wav,e,2,Blue
499,KLH033a_0499.wav,a,1,Red
500,KLH033a_0500.wav,e,2,Blue
501,KLH033a_0501.wav,e,2,Blue
502,KLH033a_0502.wav,o,4,Green
503,KLH033a_0503.wav,e,2,Blue
504,KLH033a_0504.wav,i,3,Black
505,KLH033a_0505.wav,,6,Yellow
506,KLH033a_0506.wav,e,2,Blue
507,KLH033a_0507.wav,a,1,Red
508,KLH033a_0508.wav,a,1,Red
509,KLH033a_0509.wav,a,1,Red
510,KLH033a_0510.wav,o,4,Green
511,KLH033a_0511.wav,e,2,Blue
512,KLH033a_0512.wav,ai,11,Teal
513,KLH033a_0513.wav,a,1,Red
514,KLH033a_0514.wav,u,5,Olive
515,KLH033a_0515.wav,i,3,Black
516,KLH033a_0516.wav,e,2,Blue
517,KLH033a_0517.wav,k,10,Purple
518,KLH033a_0518.wav,e,2,Blue
519,KLH033a_0519.wav,i,24,Yellow
520,KLH033a_0520.wav,a,1,Red
521,KLH033a_0521.wav,a,1,Red
522,KLH033a_0522.wav,a,1,Red
523,KLH033a_0523.wav,e,2,Blue
524,KLH033a_0524.wav,i,3,Black
525,KLH033a_0525.wav,a,1,Red
526,KLH033a_0526.wav,i,3,Black
527,KLH033a_0527.wav,u,5,Olive
528,KLH033a_0528.wav,i,3,Black
529,KLH033a_0529.wav,a,1,Red
530,KLH033a_0530.wav,a,1,Red
531,KLH033a_0531.wav,u,5,Olive
532,KLH033a_0532.wav,a,1,Red
533,KLH033a_0533.wav,,6,Yellow
534,KLH033a_0534.wav,o,4,Green
535,KLH033a_0535.wav,,6,Yellow
536,KLH033a_0536.wav,ou,20,Blue
537,KLH033a_0537.wav,i,15,Grey
538,KLH033a_0538.wav,a,1,Red
539,KLH033a_0539.wav,i,3,Black
540,KLH033a_0540.wav,a,1,Red
541,KLH033a_0541.wav,a,1,Red
542,KLH033a_0542.wav,u,5,Olive
543,KLH033a_0543.wav,ai,11,Teal
544,KLH033a_0544.wav,i,3,Black
545,KLH033a_0545.wav,a,1,Red
546,KLH033a_0546.wav,o,4,Green
547,KLH033a_0547.wav,o,4,Green
548,KLH033a_0548.wav,a,1,Red
549,KLH033a_0549.wav,a,1,Red
550,KLH033a_0550.wav,ae,12,Navy
551,KLH033a_0551.wav,a,1,Red
552,KLH033a_0552.wav,o,4,Green
553,KLH033a_0553.wav,e,2,Blue
554,KLH033a_0554.wav,au,14,Maroon
555,KLH033a_0555.wav,ou,20,Blue
556,KLH033a_0556.wav,ae,12,Navy
557,KLH033a_0557.wav,a,1,Red
558,KLH033a_0558.wav,o,4,Green
559,KLH033a_0559.wav,e,2,Blue
560,KLH033a_0560.wav,M,9,Lime
561,KLH033a_0561.wav,a,1,Red
562,KLH033a_0562.wav,e,2,Blue
563,KLH033a_0563.wav,,7,Magenta
564,KLH033a_0564.wav,,6,Yellow
565,KLH033a_0565.wav,a,1,Red
566,KLH033a_0566.wav,o,4,Green
567,KLH033a_0567.wav,o,4,Green
568,KLH033a_0568.wav,o,4,Green
569,KLH033a_0569.wav,u,5,Olive
570,KLH033a_0570.wav,i,3,Black
571,KLH033a_0571.wav,i,3,Black
572,KLH033a_0572.wav,i,3,Black
573,KLH033a_0573.wav,i,3,Black
574,KLH033a_0574.wav,i,3,Black
575,KLH033a_0575.wav,a,1,Red
576,KLH033a_0576.wav,e,2,Blue
577,KLH033a_0577.wav,M,9,Lime
578,KLH033a_0578.wav,i,3,Black
579,KLH033a_0579.wav,,6,Yellow
580,KLH033a_0580.wav,o,4,Green
581,KLH033a_0581.wav,o,4,Green
582,KLH033a_0582.wav,ao,13,Pink
583,KLH033a_0583.wav,o,4,Green
584,KLH033a_0584.wav,o,4,Green
585,KLH033a_0585.wav,o,4,Green
586,KLH033a_0586.wav,e,2,Blue
587,KLH033a_0587.wav,,7,Magenta
588,KLH033a_0588.wav,,6,Yellow
589,KLH033a_0589.wav,M,9,Lime
590,KLH033a_0590.wav,e,2,Blue
591,KLH033a_0591.wav,e,2,Blue
592,KLH033a_0592.wav,i,3,Black
593,KLH033a_0593.wav,k,10,Purple
594,KLH033a_0594.wav,i,3,Black
595,KLH033a_0595.wav,o,4,Green
596,KLH033a_0596.wav,ei,22,Green
597,KLH033a_0597.wav,a,1,Red
598,KLH033a_0598.wav,ai,11,Teal
599,KLH033a_0599.wav,a,1,Red
600,KLH033a_0600.wav,e,2,Blue
601,KLH033a_0601.wav,o,4,Green
602,KLH033a_0602.wav,o,4,Green
603,KLH033a_0603.wav,u,5,Olive
604,KLH033a_0604.wav,a,1,Red
605,KLH033a_0605.wav,a,1,Red
606,KLH033a_0606.wav,o,4,Green
607,KLH033a_0607.wav,e,2,Blue
608,KLH033a_0608.wav,a,1,Red
609,KLH033a_0609.wav,o,4,Green
610,KLH033a_0610.wav,e,2,Blue
611,KLH033a_0611.wav,i,3,Black
612,KLH033a_0612.wav,a,1,Red
613,KLH033a_0613.wav,a,1,Red
614,KLH033a_0614.wav,a,1,Red
615,KLH033a_0615.wav,ai,11,Teal
616,KLH033a_0616.wav,i,3,Black
617,KLH033a_0617.wav,a,1,Red
618,KLH033a_0618.wav,o,4,Green
619,KLH033a_0619.wav,u,5,Olive
620,KLH033a_0620.wav,au,14,Maroon
621,KLH033a_0621.wav,k,10,Purple
622,KLH033a_0622.wav,u,5,Olive
623,KLH033a_0623.wav,a,1,Red
624,KLH033a_0624.wav,e,2,Blue
625,KLH033a_0625.wav,ai,11,Teal
626,KLH033a_0626.wav,a,1,Red
627,KLH033a_0627.wav,i,3,Black
628,KLH033a_0628.wav,e,2,Blue
629,KLH033a_0629.wav,,6,Yellow
630,KLH033a_0630.wav,u,18,Black
631,KLH033a_0631.wav,a,1,Red
632,KLH033a_0632.wav,a,1,Red
633,KLH033a_0633.wav,o,4,Green
634,KLH033a_0634.wav,e,2,Blue
635,KLH033a_0635.wav,M,9,Lime
636,KLH033a_0636.wav,a,1,Red
637,KLH033a_0637.wav,e,2,Blue
638,KLH033a_0638.wav,u,5,Olive
639,KLH033a_0639.wav,i,3,Black
640,KLH033a_0640.wav,o,4,Green
641,KLH033a_0641.wav,a,1,Red
642,KLH033a_0642.wav,e,2,Blue
643,KLH033a_0643.wav,u,5,Olive
644,KLH033a_0644.wav,a,1,Red
645,KLH033a_0645.wav,a,1,Red
646,KLH033a_0646.wav,a,1,Red
647,KLH033a_0647.wav,a,1,Red
648,KLH033a_0648.wav,i,3,Black
649,KLH033a_0649.wav,i,3,Black
650,KLH033a_0650.wav,i,3,Black
651,KLH033a_0651.wav,oi,19,Red
652,KLH033a_0652.wav,a,1,Red
653,KLH033a_0653.wav,e,2,Blue
654,KLH033a_0654.wav,i,3,Black
655,KLH033a_0655.wav,o,4,Green
656,KLH033a_0656.wav,u,5,Olive
657,KLH033a_0657.wav,,6,Yellow
658,KLH033a_0658.wav,au,14,Maroon
659,KLH033a_0659.wav,,6,Yellow
660,KLH033a_0660.wav,au,14,Maroon
661,KLH033a_0661.wav,i,3,Black
662,KLH033a_0662.wav,a,1,Red
663,KLH033a_0663.wav,au,14,Maroon
664,KLH033a_0664.wav,a,1,Red
665,KLH033a_0665.wav,o,4,Green
666,KLH033a_0666.wav,e,2,Blue
667,KLH033a_0667.wav,o,4,Green
668,KLH033a_0668.wav,i,3,Black
669,KLH033a_0669.wav,a,1,Red
670,KLH033a_0670.wav,e,2,Blue
671,KLH033a_0671.wav,u,5,Olive
672,KLH033a_0672.wav,i,3,Black
673,KLH033a_0673.wav,o,4,Green
674,KLH033a_0674.wav,a,1,Red
675,KLH033a_0675.wav,o,4,Green
676,KLH033a_0676.wav,ai,11,Teal
677,KLH033a_0677.wav,a,1,Red
678,KLH033a_0678.wav,e,2,Blue
679,KLH033a_0679.wav,,6,Yellow
680,KLH033a_0680.wav,e,2,Blue
681,KLH033a_0681.wav,a,1,Red
682,KLH033a_0682.wav,i,3,Black
683,KLH033a_0683.wav,a,1,Red
684,KLH033a_0684.wav,a,1,Red
685,KLH033a_0685.wav,ai,11,Teal
686,KLH033a_0686.wav,o,4,Green
687,KLH033a_0687.wav,o,4,Green
688,KLH033a_0688.wav,u,5,Olive
689,KLH033a_0689.wav,i,3,Black
690,KLH033a_0690.wav,o,4,Green
691,KLH033a_0691.wav,a,1,Red
692,KLH033a_0692.wav,a,1,Red
693,KLH033a_0693.wav,ai,11,Teal
694,KLH033a_0694.wav,i,3,Black
695,KLH033a_0695.wav,,6,Yellow
696,KLH033a_0696.wav,e,2,Blue
697,KLH033a_0697.wav,a,1,Red
698,KLH033a_0698.wav,ai,11,Teal
699,KLH033a_0699.wav,u,5,Olive
700,KLH033a_0700.wav,u,5,Olive
701,KLH033a_0701.wav,k,10,Purple
702,KLH033a_0702.wav,u,5,Olive
703,KLH033a_0703.wav,a,1,Red
704,KLH033a_0704.wav,o,4,Green
705,KLH033a_0705.wav,u,5,Olive
706,KLH033a_0706.wav,i,3,Black
707,KLH033a_0707.wav,o,4,Green
708,KLH033a_0708.wav,a,1,Red
709,KLH033a_0709.wav,o,4,Green
710,KLH033a_0710.wav,a,1,Red
711,KLH033a_0711.wav,u,5,Olive
712,KLH033a_0712.wav,i,3,Black
713,KLH033a_0713.wav,M,9,Lime
714,KLH033a_0714.wav,i,3,Black
715,KLH033a_0715.wav,o,4,Green
716,KLH033a_0716.wav,i,3,Black
717,KLH033a_0717.wav,o,4,Green
718,KLH033a_0718.wav,o,4,Green
719,KLH033a_0719.wav,i,24,Yellow
720,KLH033a_0720.wav,a,1,Red
721,KLH033a_0721.wav,e,2,Blue
722,KLH033a_0722.wav,a,1,Red
723,KLH033a_0723.wav,o,4,Green
724,KLH033a_0724.wav,u,5,Olive
725,KLH033a_0725.wav,i,3,Black
726,KLH033a_0726.wav,o,4,Green
727,KLH033a_0727.wav,a,1,Red
728,KLH033a_0728.wav,,6,Yellow
729,KLH033a_0729.wav,ai,11,Teal
730,KLH033a_0730.wav,i,3,Black
731,KLH033a_0731.wav,a,1,Red
732,KLH033a_0732.wav,au,14,Maroon
733,KLH033a_0733.wav,e,2,Blue
734,KLH033a_0734.wav,,7,Magenta
735,KLH033a_0735.wav,,6,Yellow
736,KLH033a_0736.wav,ai,11,Teal
737,KLH033a_0737.wav,a,1,Red
738,KLH033a_0738.wav,a,1,Red
739,KLH033a_0739.wav,i,3,Black
740,KLH033a_0740.wav,e,2,Blue
741,KLH033a_0741.wav,a,1,Red
742,KLH033a_0742.wav,o,4,Green
743,KLH033a_0743.wav,u,5,Olive
744,KLH033a_0744.wav,au,14,Maroon
745,KLH033a_0745.wav,k,10,Purple
746,KLH033a_0746.wav,u,5,Olive
747,KLH033a_0747.wav,a,1,Red
748,KLH033a_0748.wav,i,3,Black
749,KLH033a_0749.wav,o,4,Green
750,KLH033a_0750.wav,a,1,Red
751,KLH033a_0751.wav,,6,Yellow
752,KLH033a_0752.wav,M,9,Lime
753,KLH033a_0753.wav,i,3,Black
754,KLH033a_0754.wav,o,4,Green
755,KLH033a_0755.wav,i,3,Black
756,KLH033a_0756.wav,o,4,Green
757,KLH033a_0757.wav,ei,22,Green
758,KLH033a_0758.wav,M,9,Lime
759,KLH033a_0759.wav,a,1,Red
760,KLH033a_0760.wav,e,2,Blue
761,KLH033a_0761.wav,,6,Yellow
762,KLH033a_0762.wav,ai,11,Teal
763,KLH033a_0763.wav,o,4,Green
764,KLH033a_0764.wav,i,3,Black
765,KLH033a_0765.wav,a,1,Red
766,KLH033a_0766.wav,i,3,Black
767,KLH033a_0767.wav,a,1,Red
768,KLH033a_0768.wav,u,5,Olive
769,KLH033a_0769.wav,a,1,Red
770,KLH033a_0770.wav,a,1,Red
771,KLH033a_0771.wav,e,2,Blue
772,KLH033a_0772.wav,a,1,Red
773,KLH033a_0773.wav,a,1,Red
774,KLH033a_0774.wav,u,5,Olive
775,KLH033a_0775.wav,i,3,Black
776,KLH033a_0776.wav,M,9,Lime
777,KLH033a_0777.wav,i,3,Black
778,KLH033a_0778.wav,i,3,Black
779,KLH033a_0779.wav,o,4,Green
780,KLH033a_0780.wav,,6,Yellow
781,KLH033a_0781.wav,ai,11,Teal
782,KLH033a_0782.wav,a,1,Red
783,KLH033a_0783.wav,a,1,Red
784,KLH033a_0784.wav,o,4,Green
785,KLH033a_0785.wav,i,24,Yellow
786,KLH033a_0786.wav,a,1,Red
787,KLH033a_0787.wav,ai,11,Teal
788,KLH033a_0788.wav,a,1,Red
789,KLH033a_0789.wav,a,1,Red
790,KLH033a_0790.wav,i,3,Black
791,KLH033a_0791.wav,e,2,Blue
792,KLH033a_0792.wav,M,9,Lime
793,KLH033a_0793.wav,i,3,Black
794,KLH033a_0794.wav,i,3,Black
795,KLH033a_0795.wav,o,4,Green
796,KLH033a_0796.wav,i,3,Black
797,KLH033a_0797.wav,a,1,Red
798,KLH033a_0798.wav,u,5,Olive
799,KLH033a_0799.wav,,7,Magenta
800,KLH033a_0800.wav,,6,Yellow
801,KLH033a_0801.wav,au,14,Maroon
802,KLH033a_0802.wav,i,3,Black
803,KLH033a_0803.wav,k,10,Purple
804,KLH033a_0804.wav,e,2,Blue
805,KLH033a_0805.wav,i,3,Black
806,KLH033a_0806.wav,a,1,Red
807,KLH033a_0807.wav,ai,11,Teal
808,KLH033a_0808.wav,a,1,Red
809,KLH033a_0809.wav,u,5,Olive
810,KLH033a_0810.wav,i,3,Black
811,KLH033a_0811.wav,M,9,Lime
812,KLH033a_0812.wav,i,3,Black
813,KLH033a_0813.wav,i,3,Black
814,KLH033a_0814.wav,o,4,Green
815,KLH033a_0815.wav,o,4,Green
816,KLH033a_0816.wav,i,3,Black
817,KLH033a_0817.wav,a,1,Red
818,KLH033a_0818.wav,e,2,Blue
819,KLH033a_0819.wav,M,9,Lime
820,KLH033a_0820.wav,,6,Yellow
821,KLH033a_0821.wav,u,18,Black
822,KLH033a_0822.wav,a,1,Red
823,KLH033a_0823.wav,ai,11,Teal
824,KLH033a_0824.wav,a,1,Red
825,KLH033a_0825.wav,a,1,Red
826,KLH033a_0826.wav,i,3,Black
827,KLH033a_0827.wav,e,2,Blue
828,KLH033a_0828.wav,ae,12,Navy
829,KLH033a_0829.wav,o,4,Green
830,KLH033a_0830.wav,o,4,Green
831,KLH033a_0831.wav,a,1,Red
832,KLH033a_0832.wav,au,14,Maroon
833,KLH033a_0833.wav,au,14,Maroon
834,KLH033a_0834.wav,i,3,Black
835,KLH033a_0835.wav,o,4,Green
836,KLH033a_0836.wav,o,4,Green
837,KLH033a_0837.wav,a,1,Red
838,KLH033a_0838.wav,au,14,Maroon
839,KLH033a_0839.wav,ao,13,Pink
840,KLH033a_0840.wav,i,3,Black
841,KLH033a_0841.wav,a,1,Red
842,KLH033a_0842.wav,au,14,Maroon
843,KLH033a_0843.wav,i,3,Black
844,KLH033a_0844.wav,e,2,Blue
845,KLH033a_0845.wav,u,5,Olive
846,KLH033a_0846.wav,a,1,Red
847,KLH033a_0847.wav,o,4,Green
848,KLH033a_0848.wav,e,2,Blue
849,KLH033a_0849.wav,au,14,Maroon
850,KLH033a_0850.wav,ou,20,Blue
851,KLH033a_0851.wav,e,2,Blue
852,KLH033a_0852.wav,e,2,Blue
853,KLH033a_0853.wav,u,5,Olive
854,KLH033a_0854.wav,a,1,Red
855,KLH033a_0855.wav,u,5,Olive
856,KLH033a_0856.wav,i,3,Black
857,KLH033a_0857.wav,a,1,Red
858,KLH033a_0858.wav,e,2,Blue
859,KLH033a_0859.wav,M,9,Lime
860,KLH033a_0860.wav,o,4,Green
861,KLH033a_0861.wav,i,24,Yellow
862,KLH033a_0862.wav,a,1,Red
863,KLH033a_0863.wav,u,5,Olive
864,KLH033a_0864.wav,a,1,Red
865,KLH033a_0865.wav,e,2,Blue
866,KLH033a_0866.wav,e,2,Blue
867,KLH033a_0867.wav,au,14,Maroon
868,KLH033a_0868.wav,ai,11,Teal
869,KLH033a_0869.wav,o,4,Green
870,KLH033a_0870.wav,u,5,Olive
871,KLH033a_0871.wav,a,1,Red
872,KLH033a_0872.wav,i,3,Black
873,KLH033a_0873.wav,a,1,Red
874,KLH033a_0874.wav,u,5,Olive
875,KLH033a_0875.wav,a,1,Red
876,KLH033a_0876.wav,e,2,Blue
877,KLH033a_0877.wav,u,5,Olive
878,KLH033a_0878.wav,a,1,Red
879,KLH033a_0879.wav,e,2,Blue
880,KLH033a_0880.wav,o,4,Green
881,KLH033a_0881.wav,u,5,Olive
882,KLH033a_0882.wav,e,2,Blue
883,KLH033a_0883.wav,o,4,Green
884,KLH033a_0884.wav,u,5,Olive
885,KLH033a_0885.wav,i,3,Black
886,KLH033a_0886.wav,e,2,Blue
887,KLH033a_0887.wav,i,3,Black
888,KLH033a_0888.wav,o,4,Green
889,KLH033a_0889.wav,o,4,Green
890,KLH033a_0890.wav,e,2,Blue
891,KLH033a_0891.wav,u,5,Olive
892,KLH033a_0892.wav,a,1,Red
893,KLH033a_0893.wav,i,3,Black
894,KLH033a_0894.wav,i,3,Black
895,KLH033a_0895.wav,a,1,Red
896,KLH033a_0896.wav,,6,Yellow
897,KLH033a_0897.wav,ao,13,Pink
898,KLH033a_0898.wav,ao,13,Pink
899,KLH033a_0899.wav,e,2,Blue
900,KLH033a_0900.wav,a,1,Red
901,KLH033a_0901.wav,a,1,Red
902,KLH033a_0902.wav,u,5,Olive
903,KLH033a_0903.wav,i,3,Black
904,KLH033a_0904.wav,i,3,Black
905,KLH033a_0905.wav,u,5,Olive
906,KLH033a_0906.wav,a,1,Red
907,KLH033a_0907.wav,a,1,Red
908,KLH033a_0908.wav,ae,12,Navy
909,KLH033a_0909.wav,a,1,Red
910,KLH033a_0910.wav,a,1,Red
911,KLH033a_0911.wav,e,2,Blue
912,KLH033a_0912.wav,e,2,Blue
913,KLH033a_0913.wav,,6,Yellow
914,KLH033a_0914.wav,ae,12,Navy
915,KLH033a_0915.wav,a,1,Red
916,KLH033a_0916.wav,ae,12,Navy
917,KLH033a_0917.wav,a,1,Red
918,KLH033a_0918.wav,o,4,Green
919,KLH033a_0919.wav,e,2,Blue
920,KLH033a_0920.wav,a,1,Red
921,KLH033a_0921.wav,a,1,Red
922,KLH033a_0922.wav,u,5,Olive
923,KLH033a_0923.wav,i,3,Black
924,KLH033a_0924.wav,,6,Yellow
925,KLH033a_0925.wav,u,5,Olive
926,KLH033a_0926.wav,u,5,Olive
927,KLH033a_0927.wav,,6,Yellow
928,KLH033a_0928.wav,au,14,Maroon
929,KLH033a_0929.wav,M,9,Lime
930,KLH033a_0930.wav,i,3,Black
931,KLH033a_0931.wav,a,1,Red
932,KLH033a_0932.wav,u,5,Olive
933,KLH033a_0933.wav,u,5,Olive
934,KLH033a_0934.wav,i,24,Yellow
935,KLH033a_0935.wav,M,9,Lime
936,KLH033a_0936.wav,i,3,Black
937,KLH033a_0937.wav,a,1,Red
938,KLH033a_0938.wav,a,1,Red
939,KLH033a_0939.wav,,6,Yellow
940,KLH033a_0940.wav,ao,13,Pink
941,KLH033a_0941.wav,ao,13,Pink
942,KLH033a_0942.wav,a,1,Red
943,KLH033a_0943.wav,ai,11,Teal
944,KLH033a_0944.wav,a,1,Red
945,KLH033a_0945.wav,au,14,Maroon
946,KLH033a_0946.wav,e,2,Blue
947,KLH033a_0947.wav,e,2,Blue
948,KLH033a_0948.wav,e,2,Blue
949,KLH033a_0949.wav,ai,11,Teal
950,KLH033a_0950.wav,a,1,Red
951,KLH033a_0951.wav,i,3,Black
952,KLH033a_0952.wav,i,3,Black
953,KLH033a_0953.wav,a,1,Red
954,KLH033a_0954.wav,a,1,Red
955,KLH033a_0955.wav,a,1,Red
956,KLH033a_0956.wav,a,1,Red
957,KLH033a_0957.wav,i,3,Black
958,KLH033a_0958.wav,e,2,Blue
959,KLH033a_0959.wav,k,10,Purple
960,KLH033a_0960.wav,e,2,Blue
961,KLH033a_0961.wav,a,1,Red
962,KLH033a_0962.wav,o,4,Green
963,KLH033a_0963.wav,e,2,Blue
964,KLH033a_0964.wav,a,1,Red
965,KLH033a_0965.wav,o,4,Green
966,KLH033a_0966.wav,e,2,Blue
967,KLH033a_0967.wav,,6,Yellow
968,KLH033a_0968.wav,ou,20,Blue
969,KLH033a_0969.wav,a,1,Red
970,KLH033a_0970.wav,a,1,Red
971,KLH033a_0971.wav,u,5,Olive
972,KLH033a_0972.wav,i,3,Black
973,KLH033a_0973.wav,,6,Yellow
974,KLH033a_0974.wav,e,2,Blue
975,KLH033a_0975.wav,a,1,Red
976,KLH033a_0976.wav,u,5,Olive
977,KLH033a_0977.wav,a,1,Red
978,KLH033a_0978.wav,i,3,Black
979,KLH033a_0979.wav,a,1,Red
980,KLH033a_0980.wav,u,5,Olive
981,KLH033a_0981.wav,i,3,Black
982,KLH033a_0982.wav,o,4,Green
983,KLH033a_0983.wav,u,5,Olive
984,KLH033a_0984.wav,o,4,Green
985,KLH033a_0985.wav,e,2,Blue
986,KLH033a_0986.wav,u,5,Olive
987,KLH033a_0987.wav,u,5,Olive
988,KLH033a_0988.wav,u,5,Olive
989,KLH033a_0989.wav,a,1,Red
990,KLH033a_0990.wav,o,4,Green
991,KLH033a_0991.wav,i,3,Black
992,KLH033a_0992.wav,a,1,Red
993,KLH033a_0993.wav,e,2,Blue
994,KLH033a_0994.wav,u,5,Olive
995,KLH033a_0995.wav,u,5,Olive
996,KLH033a_0996.wav,u,5,Olive
997,KLH033a_0997.wav,a,1,Red
998,KLH033a_0998.wav,o,4,Green
999,KLH033a_0999.wav,i,3,Black
1000,KLH033a_1000.wav,e,2,Blue
1001,KLH033a_1001.wav,u,5,Olive
1002,KLH033a_1002.wav,u,5,Olive
1003,KLH033b_0001.wav,ai,11,Teal
1004,KLH033b_0002.wav,ai,11,Teal
1005,KLH033b_0003.wav,a,1,Red
1006,KLH033b_0004.wav,ai,11,Teal
1007,KLH033b_0005.wav,u,5,Olive
1008,KLH033b_0006.wav,i,3,Black
1009,KLH033b_0007.wav,o,4,Green
1010,KLH033b_0008.wav,a,1,Red
1011,KLH033b_0009.wav,e,2,Blue
1012,KLH033b_0010.wav,a,1,Red
1013,KLH033b_0011.wav,i,24,Yellow
1014,KLH033b_0012.wav,a,1,Red
1015,KLH033b_0013.wav,u,5,Olive
1016,KLH033b_0014.wav,i,3,Black
1017,KLH033b_0015.wav,o,4,Green
1018,KLH033b_0016.wav,a,1,Red
1019,KLH033b_0017.wav,a,1,Red
1020,KLH033b_0018.wav,,6,Yellow
1021,KLH033b_0019.wav,o,4,Green
1022,KLH033b_0020.wav,o,4,Green
1023,KLH033b_0021.wav,a,1,Red
1024,KLH033b_0022.wav,u,5,Olive
1025,KLH033b_0023.wav,i,3,Black
1026,KLH033b_0024.wav,M,9,Lime
1027,KLH033b_0025.wav,,6,Yellow
1028,KLH033b_0026.wav,a,1,Red
1029,KLH033b_0027.wav,i,3,Black
1030,KLH033b_0028.wav,o,4,Green
1031,KLH033b_0029.wav,o,4,Green
1032,KLH033b_0030.wav,a,1,Red
1033,KLH033b_0031.wav,a,1,Red
1034,KLH033b_0032.wav,e,2,Blue
1035,KLH033b_0033.wav,o,4,Green
1036,KLH033b_0034.wav,o,4,Green
1037,KLH033b_0035.wav,u,5,Olive
1038,KLH033b_0036.wav,i,3,Black
1039,KLH033b_0037.wav,ai,11,Teal
1040,KLH033b_0038.wav,,6,Yellow
1041,KLH033b_0039.wav,e,2,Blue
1042,KLH033b_0040.wav,a,1,Red
1043,KLH033b_0041.wav,i,3,Black
1044,KLH033b_0042.wav,a,1,Red
1045,KLH033b_0043.wav,o,4,Green
1046,KLH033b_0044.wav,i,3,Black
1047,KLH033b_0045.wav,a,1,Red
1048,KLH033b_0046.wav,ai,11,Teal
1049,KLH033b_0047.wav,ai,11,Teal
1050,KLH033b_0048.wav,ae,12,Navy
1051,KLH033b_0049.wav,e,2,Blue
1052,KLH033b_0050.wav,a,1,Red
1053,KLH033b_0051.wav,a,1,Red
1054,KLH033b_0052.wav,ei,22,Green
1055,KLH033b_0053.wav,M,9,Lime
1056,KLH033b_0054.wav,au,14,Maroon
1057,KLH033b_0055.wav,,6,Yellow
1058,KLH033b_0056.wav,a,1,Red
1059,KLH033b_0057.wav,ai,11,Teal
1060,KLH033b_0058.wav,a,1,Red
1061,KLH033b_0059.wav,a,1,Red
1062,KLH033b_0060.wav,a,1,Red
1063,KLH033b_0061.wav,o,4,Green
1064,KLH033b_0062.wav,i,3,Black
1065,KLH033b_0063.wav,ai,11,Teal
1066,KLH033b_0064.wav,o,4,Green
1067,KLH033b_0065.wav,i,3,Black
1068,KLH033b_0066.wav,i,3,Black
1069,KLH033b_0067.wav,a,1,Red
1070,KLH033b_0068.wav,o,4,Green
1071,KLH033b_0069.wav,o,4,Green
1072,KLH033b_0070.wav,e,2,Blue
1073,KLH033b_0071.wav,ei,22,Green
1074,KLH033b_0072.wav,a,1,Red
1075,KLH033b_0073.wav,u,5,Olive
1076,KLH033b_0074.wav,a,1,Red
1077,KLH033b_0075.wav,u,5,Olive
1078,KLH033b_0076.wav,a,1,Red
1079,KLH033b_0077.wav,au,14,Maroon
1080,KLH033b_0078.wav,o,4,Green
1081,KLH033b_0079.wav,i,3,Black
1082,KLH033b_0080.wav,o,4,Green
1083,KLH033b_0081.wav,,6,Yellow
1084,KLH033b_0082.wav,i,3,Black
1085,KLH033b_0083.wav,a,1,Red
1086,KLH033b_0084.wav,a,1,Red
1087,KLH033b_0085.wav,,6,Yellow
1088,KLH033b_0086.wav,o,4,Green
1089,KLH033b_0087.wav,a,1,Red
1090,KLH033b_0088.wav,o,4,Green
1091,KLH033b_0089.wav,o,4,Green
1092,KLH033b_0090.wav,o,4,Green
1093,KLH033b_0091.wav,o,4,Green
1094,KLH033b_0092.wav,M,9,Lime
1095,KLH033b_0093.wav,,6,Yellow
1096,KLH033b_0094.wav,a,1,Red
1097,KLH033b_0095.wav,M,9,Lime
1098,KLH033b_0096.wav,e,2,Blue
1099,KLH033b_0097.wav,a,1,Red
1100,KLH033b_0098.wav,a,1,Red
1101,KLH033b_0099.wav,ei,22,Green
1102,KLH033b_0100.wav,e,2,Blue
1103,KLH033b_0101.wav,a,1,Red
1104,KLH033b_0102.wav,a,1,Red
1105,KLH033b_0103.wav,a,1,Red
1106,KLH033b_0104.wav,e,2,Blue
1107,KLH033b_0105.wav,au,14,Maroon
1108,KLH033b_0106.wav,M,9,Lime
1109,KLH033b_0107.wav,o,4,Green
1110,KLH033b_0108.wav,a,1,Red
1111,KLH033b_0109.wav,a,1,Red
1112,KLH033b_0110.wav,a,1,Red
1113,KLH033b_0111.wav,a,1,Red
1114,KLH033b_0112.wav,i,24,Yellow
1115,KLH033b_0113.wav,a,1,Red
1116,KLH033b_0114.wav,a,1,Red
1117,KLH033b_0115.wav,a,1,Red
1118,KLH033b_0116.wav,ai,11,Teal
1119,KLH033b_0117.wav,,6,Yellow
1120,KLH033b_0118.wav,ou,20,Blue
1121,KLH033b_0119.wav,a,1,Red
1122,KLH033b_0120.wav,e,2,Blue
1123,KLH033b_0121.wav,ei,22,Green
1124,KLH033b_0122.wav,a,1,Red
1125,KLH033b_0123.wav,M,9,Lime
1126,KLH033b_0124.wav,,6,Yellow
1127,KLH033b_0125.wav,ou,20,Blue
1128,KLH033b_0126.wav,o,4,Green
1129,KLH033b_0127.wav,o,4,Green
1130,KLH033b_0128.wav,au,14,Maroon
1131,KLH033b_0129.wav,ei,22,Green
1132,KLH033b_0130.wav,M,9,Lime
1133,KLH033b_0131.wav,ai,11,Teal
1134,KLH033b_0132.wav,a,1,Red
1135,KLH033b_0133.wav,a,1,Red
1136,KLH033b_0134.wav,o,4,Green
1137,KLH033b_0135.wav,o,4,Green
1138,KLH033b_0136.wav,a,1,Red
1139,KLH033b_0137.wav,,6,Yellow
1140,KLH033b_0138.wav,a,1,Red
1141,KLH033b_0139.wav,a,1,Red
1142,KLH033b_0140.wav,a,1,Red
1143,KLH033b_0141.wav,a,1,Red
1144,KLH033b_0142.wav,o,4,Green
1145,KLH033b_0143.wav,i,24,Yellow
1146,KLH033b_0144.wav,ai,11,Teal
1147,KLH033b_0145.wav,a,1,Red
1148,KLH033b_0146.wav,i,3,Black
1149,KLH033b_0147.wav,e,2,Blue
1150,KLH033b_0148.wav,M,9,Lime
1151,KLH033b_0149.wav,i,3,Black
1152,KLH033b_0150.wav,o,4,Green
1153,KLH033b_0151.wav,i,3,Black
1154,KLH033b_0152.wav,o,4,Green
1155,KLH033b_0153.wav,i,24,Yellow
1156,KLH033b_0154.wav,ai,11,Teal
1157,KLH033b_0155.wav,a,1,Red
1158,KLH033b_0156.wav,i,3,Black
1159,KLH033b_0157.wav,e,2,Blue
1160,KLH033b_0158.wav,,6,Yellow
1161,KLH033b_0159.wav,a,1,Red
1162,KLH033b_0160.wav,e,2,Blue
1163,KLH033b_0161.wav,e,2,Blue
1164,KLH033b_0162.wav,o,4,Green
1165,KLH033b_0163.wav,o,4,Green
1166,KLH033b_0164.wav,e,2,Blue
1167,KLH033b_0165.wav,e,2,Blue
1168,KLH033b_0166.wav,ei,22,Green
1169,KLH033b_0167.wav,,7,Magenta
1170,KLH033b_0168.wav,,6,Yellow
1171,KLH033b_0169.wav,u,5,Olive
1172,KLH033b_0170.wav,u,5,Olive
1173,KLH033b_0171.wav,au,14,Maroon
1174,KLH033b_0172.wav,o,4,Green
1175,KLH033b_0173.wav,o,4,Green
1176,KLH033b_0174.wav,a,1,Red
1177,KLH033b_0175.wav,a,1,Red
1178,KLH033b_0176.wav,ai,11,Teal
1179,KLH033b_0177.wav,a,1,Red
1180,KLH033b_0178.wav,a,1,Red
1181,KLH033b_0179.wav,i,3,Black
1182,KLH033b_0180.wav,i,3,Black
1183,KLH033b_0181.wav,o,4,Green
1184,KLH033b_0182.wav,i,3,Black
1185,KLH033b_0183.wav,a,1,Red
1186,KLH033b_0184.wav,o,4,Green
1187,KLH033b_0185.wav,a,1,Red
1188,KLH033b_0186.wav,,6,Yellow
1189,KLH033b_0187.wav,a,1,Red
1190,KLH033b_0188.wav,e,2,Blue
1191,KLH033b_0189.wav,a,1,Red
1192,KLH033b_0190.wav,a,1,Red
1193,KLH033b_0191.wav,ei,22,Green
1194,KLH033b_0192.wav,o,4,Green
1195,KLH033b_0193.wav,o,4,Green
1196,KLH033b_0194.wav,o,4,Green
1197,KLH033b_0195.wav,o,4,Green
1198,KLH033b_0196.wav,ei,22,Green
1199,KLH033b_0197.wav,a,1,Red
1200,KLH033b_0198.wav,,6,Yellow
1201,KLH033b_0199.wav,a,1,Red
1202,KLH033b_0200.wav,,6,Yellow
1203,KLH033b_0201.wav,i,3,Black
1204,KLH033b_0202.wav,a,1,Red
1205,KLH033b_0203.wav,M,9,Lime
1206,KLH033b_0204.wav,o,4,Green
1207,KLH033b_0205.wav,i,3,Black
1208,KLH033b_0206.wav,a,1,Red
1209,KLH033b_0207.wav,i,3,Black
1210,KLH033b_0208.wav,a,1,Red
1211,KLH033b_0209.wav,o,4,Green
1212,KLH033b_0210.wav,o,4,Green
1213,KLH033b_0211.wav,e,2,Blue
1214,KLH033b_0212.wav,e,2,Blue
1215,KLH033b_0213.wav,o,4,Green
1216,KLH033b_0214.wav,i,3,Black
1217,KLH033b_0215.wav,i,3,Black
1218,KLH033b_0216.wav,i,24,Yellow
1219,KLH033b_0217.wav,a,1,Red
1220,KLH033b_0218.wav,u,5,Olive
1221,KLH033b_0219.wav,u,5,Olive
1222,KLH033b_0220.wav,au,14,Maroon
1223,KLH033b_0221.wav,e,2,Blue
1224,KLH033b_0222.wav,a,1,Red
1225,KLH033b_0223.wav,a,1,Red
1226,KLH033b_0224.wav,a,1,Red
1227,KLH033b_0225.wav,a,1,Red
1228,KLH033b_0226.wav,u,5,Olive
1229,KLH033b_0227.wav,i,3,Black
1230,KLH033b_0228.wav,a,1,Red
1231,KLH033b_0229.wav,a,1,Red
1232,KLH033b_0230.wav,ai,11,Teal
1233,KLH033b_0231.wav,ai,11,Teal
1234,KLH033b_0232.wav,a,1,Red
1235,KLH033b_0233.wav,a,1,Red
1236,KLH033b_0234.wav,i,3,Black
1237,KLH033b_0235.wav,i,3,Black
1238,KLH033b_0236.wav,u,5,Olive
1239,KLH033b_0237.wav,i,3,Black
1240,KLH033b_0238.wav,k,10,Purple
1241,KLH033b_0239.wav,,6,Yellow
1242,KLH033b_0240.wav,i,3,Black
1243,KLH033b_0241.wav,a,1,Red
1244,KLH033b_0242.wav,e,2,Blue
1245,KLH033b_0243.wav,a,1,Red
1246,KLH033b_0244.wav,a,1,Red
1247,KLH033b_0245.wav,o,4,Green
1248,KLH033b_0246.wav,o,4,Green
1249,KLH033b_0247.wav,a,1,Red
1250,KLH033b_0248.wav,i,3,Black
1251,KLH033b_0249.wav,i,3,Black
1252,KLH033b_0250.wav,i,24,Yellow
1253,KLH033b_0251.wav,a,1,Red
1254,KLH033b_0252.wav,a,1,Red
1255,KLH033b_0253.wav,a,1,Red
1256,KLH033b_0254.wav,i,3,Black
1257,KLH033b_0255.wav,i,3,Black
1258,KLH033b_0256.wav,ae,12,Navy
1259,KLH033b_0257.wav,o,4,Green
1260,KLH033b_0258.wav,o,4,Green
1261,KLH033b_0259.wav,e,2,Blue
1262,KLH033b_0260.wav,a,1,Red
1263,KLH033b_0261.wav,a,1,Red
1264,KLH033b_0262.wav,e,2,Blue
1265,KLH033b_0263.wav,,7,Magenta
1266,KLH033b_0264.wav,,6,Yellow
1267,KLH033b_0265.wav,a,1,Red
1268,KLH033b_0266.wav,i,3,Black
1269,KLH033b_0267.wav,a,1,Red
1270,KLH033b_0268.wav,u,5,Olive
1271,KLH033b_0269.wav,a,1,Red
1272,KLH033b_0270.wav,i,24,Yellow
1273,KLH033b_0271.wav,a,1,Red
1274,KLH033b_0272.wav,o,4,Green
1275,KLH033b_0273.wav,o,4,Green
1276,KLH033b_0274.wav,ao,13,Pink
1277,KLH033b_0275.wav,o,4,Green
1278,KLH033b_0276.wav,o,4,Green
1279,KLH033b_0277.wav,o,4,Green
1280,KLH033b_0278.wav,e,2,Blue
1281,KLH033b_0279.wav,i,3,Black
1282,KLH033b_0280.wav,o,4,Green
1283,KLH033b_0281.wav,o,4,Green
1284,KLH033b_0282.wav,a,1,Red
1285,KLH033b_0283.wav,i,3,Black
1286,KLH033b_0284.wav,u,5,Olive
1287,KLH033b_0285.wav,e,2,Blue
1288,KLH033b_0286.wav,o,4,Green
1289,KLH033b_0287.wav,e,2,Blue
1290,KLH033b_0288.wav,o,4,Green
1291,KLH033b_0289.wav,o,4,Green
1292,KLH033b_0290.wav,a,1,Red
1293,KLH033b_0291.wav,a,1,Red
1294,KLH033b_0292.wav,i,3,Black
1295,KLH033b_0293.wav,a,1,Red
1296,KLH033b_0294.wav,ai,11,Teal
1297,KLH033b_0295.wav,o,4,Green
1298,KLH033b_0296.wav,i,3,Black
1299,KLH033b_0297.wav,o,4,Green
1300,KLH033b_0298.wav,o,4,Green
1301,KLH033b_0299.wav,a,1,Red
1302,KLH033b_0300.wav,a,1,Red
1303,KLH033b_0301.wav,a,1,Red
1304,KLH033b_0302.wav,a,1,Red
1305,KLH033b_0303.wav,o,4,Green
1306,KLH033b_0304.wav,,7,Magenta
1307,KLH033b_0305.wav,,6,Yellow
1308,KLH033b_0306.wav,i,24,Yellow
1309,KLH033b_0307.wav,a,1,Red
1310,KLH033b_0308.wav,a,1,Red
1311,KLH033b_0309.wav,e,2,Blue
1312,KLH033b_0310.wav,a,1,Red
1313,KLH033b_0311.wav,a,1,Red
1314,KLH033b_0312.wav,ei,22,Green
1315,KLH033b_0313.wav,M,9,Lime
1316,KLH033b_0314.wav,,6,Yellow
1317,KLH033b_0315.wav,ou,20,Blue
1318,KLH033b_0316.wav,i,3,Black
1319,KLH033b_0317.wav,i,24,Yellow
1320,KLH033b_0318.wav,a,1,Red
1321,KLH033b_0319.wav,o,4,Green
1322,KLH033b_0320.wav,e,2,Blue
1323,KLH033b_0321.wav,a,1,Red
1324,KLH033b_0322.wav,e,2,Blue
1325,KLH033b_0323.wav,o,4,Green
1326,KLH033b_0324.wav,e,2,Blue
1327,KLH033b_0325.wav,M,9,Lime
1328,KLH033b_0326.wav,a,1,Red
1329,KLH033b_0327.wav,e,2,Blue
1330,KLH033b_0328.wav,a,1,Red
1331,KLH033b_0329.wav,o,4,Green
1332,KLH033b_0330.wav,e,2,Blue
1333,KLH033b_0331.wav,u,5,Olive
1334,KLH033b_0332.wav,i,3,Black
1335,KLH033b_0333.wav,o,4,Green
1336,KLH033b_0334.wav,a,1,Red
1337,KLH033b_0335.wav,o,4,Green
1338,KLH033b_0336.wav,e,2,Blue
1339,KLH033b_0337.wav,a,1,Red
1340,KLH033b_0338.wav,o,4,Green
1341,KLH033b_0339.wav,e,2,Blue
1342,KLH033b_0340.wav,,6,Yellow
1343,KLH033b_0341.wav,ou,20,Blue
1344,KLH033b_0342.wav,a,1,Red
1345,KLH033b_0343.wav,i,3,Black
1346,KLH033b_0344.wav,,7,Magenta
1347,KLH033b_0345.wav,,6,Yellow
1348,KLH033b_0346.wav,a,1,Red
1349,KLH033b_0347.wav,o,4,Green
1350,KLH033b_0348.wav,e,2,Blue
1351,KLH033b_0349.wav,o,4,Green
1352,KLH033b_0350.wav,e,2,Blue
1353,KLH033b_0351.wav,,6,Yellow
1354,KLH033b_0352.wav,a,1,Red
1355,KLH033b_0353.wav,o,4,Green
1356,KLH033b_0354.wav,,6,Yellow
1357,KLH033b_0355.wav,i,3,Black
1358,KLH033b_0356.wav,a,1,Red
1359,KLH033b_0357.wav,u,5,Olive
1360,KLH033b_0358.wav,a,1,Red
1361,KLH033b_0359.wav,u,5,Olive
1362,KLH033b_0360.wav,a,1,Red
1363,KLH033b_0361.wav,i,3,Black
1364,KLH033b_0362.wav,e,2,Blue
1365,KLH033b_0363.wav,i,3,Black
1366,KLH033b_0364.wav,i,3,Black
1367,KLH033b_0365.wav,i,3,Black
1368,KLH033b_0366.wav,i,3,Black
1369,KLH033b_0367.wav,,6,Yellow
1370,KLH033b_0368.wav,ou,20,Blue
1371,KLH033b_0369.wav,i,3,Black
1372,KLH033b_0370.wav,,6,Yellow
1373,KLH033b_0371.wav,a,1,Red
1374,KLH033b_0372.wav,a,1,Red
1375,KLH033b_0373.wav,o,4,Green
1376,KLH033b_0374.wav,a,1,Red
1377,KLH033b_0375.wav,a,1,Red
1378,KLH033b_0376.wav,ai,11,Teal
1379,KLH033b_0377.wav,o,4,Green
1380,KLH033b_0378.wav,i,3,Black
1381,KLH033b_0379.wav,,6,Yellow
1382,KLH033b_0380.wav,k,10,Purple
1383,KLH033b_0381.wav,u,5,Olive
1384,KLH033b_0382.wav,a,1,Red
1385,KLH033b_0383.wav,o,4,Green
1386,KLH033b_0384.wav,,6,Yellow
1387,KLH033b_0385.wav,ou,20,Blue
1388,KLH033b_0386.wav,a,1,Red
1389,KLH033b_0387.wav,a,1,Red
1390,KLH033b_0388.wav,i,3,Black
1391,KLH033b_0389.wav,,7,Magenta
1392,KLH033b_0390.wav,,6,Yellow
1393,KLH033b_0391.wav,a,1,Red
1394,KLH033b_0392.wav,u,5,Olive
1395,KLH033b_0393.wav,a,1,Red
1396,KLH033b_0394.wav,i,3,Black
1397,KLH033b_0395.wav,a,1,Red
1398,KLH033b_0396.wav,u,5,Olive
1399,KLH033b_0397.wav,ei,22,Green
1400,KLH033b_0398.wav,M,9,Lime
1401,KLH033b_0399.wav,a,1,Red
1402,KLH033b_0400.wav,e,2,Blue
1403,KLH033b_0401.wav,e,2,Blue
1404,KLH033b_0402.wav,au,14,Maroon
1405,KLH033b_0403.wav,,7,Magenta
1406,KLH033b_0404.wav,,6,Yellow
1407,KLH033b_0405.wav,a,1,Red
1408,KLH033b_0406.wav,o,4,Green
1409,KLH033b_0407.wav,a,1,Red
1410,KLH033b_0408.wav,a,1,Red
1411,KLH033b_0409.wav,a,1,Red
1412,KLH033b_0410.wav,k,10,Purple
1413,KLH033b_0411.wav,a,1,Red
1414,KLH033b_0412.wav,k,10,Purple
1415,KLH033b_0413.wav,a,1,Red
1416,KLH033b_0414.wav,i,3,Black
1417,KLH033b_0415.wav,o,4,Green
1418,KLH033b_0416.wav,a,1,Red
1419,KLH033b_0417.wav,o,4,Green
1420,KLH033b_0418.wav,i,3,Black
1421,KLH033b_0419.wav,a,1,Red
1422,KLH033b_0420.wav,u,5,Olive
1423,KLH033b_0421.wav,a,1,Red
1424,KLH033b_0422.wav,i,3,Black
1425,KLH033b_0423.wav,e,2,Blue
1426,KLH033b_0424.wav,ai,11,Teal
1427,KLH033b_0425.wav,e,2,Blue
1428,KLH033b_0426.wav,a,1,Red
1429,KLH033b_0427.wav,ai,11,Teal
1430,KLH033b_0428.wav,i,24,Yellow
1431,KLH033b_0429.wav,a,1,Red
1432,KLH033b_0430.wav,a,1,Red
1433,KLH033b_0431.wav,a,1,Red
1434,KLH033b_0432.wav,u,5,Olive
1435,KLH033b_0433.wav,i,3,Black
1436,KLH033b_0434.wav,a,1,Red
1437,KLH033b_0435.wav,i,3,Black
1438,KLH033b_0436.wav,e,2,Blue
1439,KLH033b_0437.wav,u,5,Olive
1440,KLH033b_0438.wav,i,3,Black
1441,KLH033b_0439.wav,i,24,Yellow
1442,KLH033b_0440.wav,o,4,Green
1443,KLH033b_0441.wav,e,2,Blue
1444,KLH033b_0442.wav,e,2,Blue
1445,KLH033b_0443.wav,a,1,Red
1446,KLH033b_0444.wav,o,4,Green
1447,KLH033b_0445.wav,ou,20,Blue
1448,KLH033b_0446.wav,u,5,Olive
1449,KLH033b_0447.wav,i,3,Black
1450,KLH033b_0448.wav,a,1,Red
1451,KLH033b_0449.wav,,7,Magenta
1452,KLH033b_0450.wav,,6,Yellow
1453,KLH033b_0451.wav,o,4,Green
1454,KLH033b_0452.wav,e,2,Blue
1455,KLH033b_0453.wav,o,4,Green
1456,KLH033b_0454.wav,o,4,Green
1457,KLH033b_0455.wav,a,1,Red
1458,KLH033b_0456.wav,ai,11,Teal
1459,KLH033b_0457.wav,a,1,Red
1460,KLH033b_0458.wav,a,1,Red
1461,KLH033b_0459.wav,M,9,Lime
1462,KLH033b_0460.wav,,6,Yellow
1463,KLH033b_0461.wav,ou,20,Blue
1464,KLH033b_0462.wav,o,4,Green
1465,KLH033b_0463.wav,a,1,Red
1466,KLH033b_0464.wav,M,9,Lime
1467,KLH033b_0465.wav,a,1,Red
1468,KLH033b_0466.wav,e,2,Blue
1469,KLH033b_0467.wav,,6,Yellow
1470,KLH033b_0468.wav,,6,Yellow
1471,KLH033b_0469.wav,ou,20,Blue
1472,KLH033b_0470.wav,a,1,Red
1473,KLH033b_0471.wav,a,1,Red
1474,KLH033b_0472.wav,ae,12,Navy
1475,KLH033b_0473.wav,ae,12,Navy
1476,KLH033b_0474.wav,e,2,Blue
1477,KLH033b_0475.wav,a,1,Red
1478,KLH033b_0476.wav,a,1,Red
1479,KLH033b_0477.wav,u,5,Olive
1480,KLH033b_0478.wav,a,1,Red
1481,KLH033b_0479.wav,u,5,Olive
1482,KLH033b_0480.wav,i,24,Yellow
1483,KLH033b_0481.wav,a,1,Red
1484,KLH033b_0482.wav,a,1,Red
1485,KLH033b_0483.wav,o,4,Green
1486,KLH033b_0484.wav,i,3,Black
1487,KLH033b_0485.wav,i,24,Yellow
1488,KLH033b_0486.wav,a,1,Red
1489,KLH033b_0487.wav,a,1,Red
1490,KLH033b_0488.wav,o,4,Green
1491,KLH033b_0489.wav,i,24,Yellow
1492,KLH033b_0490.wav,o,4,Green
1493,KLH033b_0491.wav,e,2,Blue
1494,KLH033b_0492.wav,e,2,Blue
1495,KLH033b_0493.wav,a,1,Red
1496,KLH033b_0494.wav,ai,11,Teal
1497,KLH033b_0495.wav,ei,22,Green
1498,KLH033b_0496.wav,o,4,Green
1499,KLH033b_0497.wav,a,1,Red
1500,KLH033b_0498.wav,,6,Yellow
1501,KLH033b_0499.wav,a,1,Red
1502,KLH033b_0500.wav,a,1,Red
1503,KLH033b_0501.wav,ai,11,Teal
1504,KLH033b_0502.wav,o,4,Green
1505,KLH033b_0503.wav,u,5,Olive
1506,KLH033b_0504.wav,,6,Yellow
1507,KLH033b_0505.wav,i,3,Black
1508,KLH033b_0506.wav,i,3,Black
1509,KLH033b_0507.wav,i,3,Black
1510,KLH033b_0508.wav,e,2,Blue
1511,KLH033b_0509.wav,e,2,Blue
1512,KLH033b_0510.wav,au,14,Maroon
1513,KLH033b_0511.wav,i,3,Black
1514,KLH033b_0512.wav,o,4,Green
1515,KLH033b_0513.wav,o,4,Green
1516,KLH033b_0514.wav,u,5,Olive
1517,KLH033b_0515.wav,u,5,Olive
1518,KLH033b_0516.wav,ei,22,Green
1519,KLH033b_0517.wav,i,3,Black
1520,KLH033b_0518.wav,e,2,Blue
1521,KLH033b_0519.wav,u,5,Olive
1522,KLH033b_0520.wav,a,1,Red
1523,KLH033b_0521.wav,ae,12,Navy
1524,KLH033b_0522.wav,o,4,Green
1525,KLH033b_0523.wav,o,4,Green
1526,KLH033b_0524.wav,au,14,Maroon
1527,KLH033b_0525.wav,i,3,Black
1528,KLH033b_0526.wav,a,1,Red
1529,KLH033b_0527.wav,a,1,Red
1530,KLH033b_0528.wav,a,1,Red
1531,KLH033b_0529.wav,a,1,Red
1532,KLH033b_0530.wav,a,1,Red
1533,KLH033b_0531.wav,e,2,Blue
1534,KLH033b_0532.wav,e,2,Blue
1535,KLH033b_0533.wav,au,14,Maroon
1536,KLH033b_0534.wav,e,2,Blue
1537,KLH033b_0535.wav,u,5,Olive
1538,KLH033b_0536.wav,a,1,Red
1539,KLH033b_0537.wav,i,3,Black
1540,KLH033b_0538.wav,a,1,Red
1541,KLH033b_0539.wav,o,4,Green
1542,KLH033b_0540.wav,a,1,Red
1543,KLH033b_0541.wav,u,5,Olive
1544,KLH033b_0542.wav,i,3,Black
1545,KLH033b_0543.wav,a,1,Red
1546,KLH033b_0544.wav,au,14,Maroon
1547,KLH033b_0545.wav,ao,13,Pink
1548,KLH033b_0546.wav,e,2,Blue
1549,KLH033b_0547.wav,e,2,Blue
1550,KLH033b_0548.wav,au,14,Maroon
1551,KLH033b_0549.wav,i,3,Black
1552,KLH033b_0550.wav,e,2,Blue
1553,KLH033b_0551.wav,u,5,Olive
1554,KLH033b_0552.wav,a,1,Red
1555,KLH033b_0553.wav,a,1,Red
1556,KLH033b_0554.wav,u,5,Olive
1557,KLH033b_0555.wav,u,5,Olive
1558,KLH033b_0556.wav,i,3,Black
1559,KLH033b_0557.wav,e,2,Blue
1560,KLH033b_0558.wav,e,2,Blue
1561,KLH033b_0559.wav,ai,11,Teal
1562,KLH033b_0560.wav,i,3,Black
1563,KLH033b_0561.wav,o,4,Green
1564,KLH033b_0562.wav,o,4,Green
1565,KLH033b_0563.wav,u,5,Olive
1566,KLH033b_0564.wav,ei,22,Green
1567,KLH033b_0565.wav,o,4,Green
1568,KLH033b_0566.wav,i,3,Black
1569,KLH033b_0567.wav,a,1,Red
1570,KLH033b_0568.wav,,7,Magenta
1571,KLH033b_0569.wav,,6,Yellow
1572,KLH033b_0570.wav,u,5,Olive
1573,KLH033b_0571.wav,a,1,Red
1574,KLH033b_0572.wav,u,5,Olive
1575,KLH033b_0573.wav,a,1,Red
1576,KLH033b_0574.wav,o,4,Green
1577,KLH033b_0575.wav,a,1,Red
1578,KLH033b_0576.wav,e,2,Blue
1579,KLH033b_0577.wav,a,1,Red
1580,KLH033b_0578.wav,o,4,Green
1581,KLH033b_0579.wav,i,3,Black
1582,KLH033b_0580.wav,o,4,Green
1583,KLH033b_0581.wav,e,2,Blue
1584,KLH033b_0582.wav,u,5,Olive
1585,KLH033b_0583.wav,u,5,Olive
1586,KLH033b_0584.wav,a,1,Red
1587,KLH033b_0585.wav,i,3,Black
1588,KLH033b_0586.wav,a,1,Red
1589,KLH033b_0587.wav,a,1,Red
1590,KLH033b_0588.wav,i,3,Black
1591,KLH033b_0589.wav,o,4,Green
1592,KLH033b_0590.wav,a,1,Red
1593,KLH033b_0591.wav,u,5,Olive
1594,KLH033b_0592.wav,i,3,Black
1595,KLH033b_0593.wav,o,4,Green
1596,KLH033b_0594.wav,,6,Yellow
1597,KLH033b_0595.wav,ou,20,Blue
1598,KLH033b_0596.wav,o,4,Green
1599,KLH033b_0597.wav,o,4,Green
1600,KLH033b_0598.wav,a,1,Red
1601,KLH033b_0599.wav,a,1,Red
1602,KLH033b_0600.wav,e,2,Blue
1603,KLH033b_0601.wav,i,3,Black
1604,KLH033b_0602.wav,i,3,Black
1605,KLH033b_0603.wav,e,2,Blue
1606,KLH033b_0604.wav,o,4,Green
1607,KLH033b_0605.wav,u,5,Olive
1608,KLH033b_0606.wav,au,14,Maroon
1609,KLH033b_0607.wav,k,10,Purple
1610,KLH033b_0608.wav,u,5,Olive
1611,KLH033b_0609.wav,a,1,Red
1612,KLH033b_0610.wav,i,3,Black
1613,KLH033b_0611.wav,a,1,Red
1614,KLH033b_0612.wav,a,1,Red
1615,KLH033b_0613.wav,a,1,Red
1616,KLH033b_0614.wav,a,1,Red
1617,KLH033b_0615.wav,a,1,Red
1618,KLH033b_0616.wav,a,1,Red
1619,KLH033b_0617.wav,o,4,Green
1620,KLH033b_0618.wav,u,5,Olive
1621,KLH033b_0619.wav,o,4,Green
1622,KLH033b_0620.wav,e,2,Blue
1623,KLH033b_0621.wav,e,2,Blue
1624,KLH033b_0622.wav,e,2,Blue
1625,KLH033b_0623.wav,ai,11,Teal
1626,KLH033b_0624.wav,ai,11,Teal
1627,KLH033b_0625.wav,a,1,Red
1628,KLH033b_0626.wav,a,1,Red
1629,KLH033b_0627.wav,e,2,Blue
1630,KLH033b_0628.wav,e,2,Blue
1631,KLH033b_0629.wav,o,4,Green
1632,KLH033b_0630.wav,e,2,Blue
1633,KLH033b_0631.wav,i,3,Black
1634,KLH033b_0632.wav,ai,11,Teal
1635,KLH033b_0633.wav,u,5,Olive
1636,KLH033b_0634.wav,a,1,Red
1637,KLH033b_0635.wav,o,4,Green
1638,KLH033b_0636.wav,,6,Yellow
1639,KLH033b_0637.wav,ou,20,Blue
1640,KLH033b_0638.wav,a,1,Red
1641,KLH033b_0639.wav,a,1,Red
1642,KLH033b_0640.wav,au,14,Maroon
1643,KLH033b_0641.wav,a,1,Red
1644,KLH033b_0642.wav,o,4,Green
1645,KLH033b_0643.wav,u,5,Olive
1646,KLH033b_0644.wav,a,1,Red
1647,KLH033b_0645.wav,o,4,Green
1648,KLH033b_0646.wav,u,5,Olive
1649,KLH033b_0647.wav,u,5,Olive
1650,KLH033b_0648.wav,a,1,Red
1651,KLH033b_0649.wav,,6,Yellow
1652,KLH033b_0650.wav,e,2,Blue
1653,KLH033b_0651.wav,au,14,Maroon
1654,KLH033b_0652.wav,e,2,Blue
1655,KLH033b_0653.wav,a,1,Red
1656,KLH033b_0654.wav,e,2,Blue
1657,KLH033b_0655.wav,ai,11,Teal
1658,KLH033b_0656.wav,i,3,Black
1659,KLH033b_0657.wav,,6,Yellow
1660,KLH033b_0658.wav,a,1,Red
1661,KLH033b_0659.wav,a,1,Red
1662,KLH033b_0660.wav,i,3,Black
1663,KLH033b_0661.wav,i,3,Black
1664,KLH033b_0662.wav,a,1,Red
1665,KLH033b_0663.wav,au,14,Maroon
1666,KLH033b_0664.wav,u,5,Olive
1667,KLH033b_0665.wav,a,1,Red
1668,KLH033b_0666.wav,a,1,Red
1669,KLH033b_0667.wav,ei,22,Green
1670,KLH033b_0668.wav,e,2,Blue
1671,KLH033b_0669.wav,e,2,Blue
1672,KLH033b_0670.wav,ai,11,Teal
1673,KLH033b_0671.wav,M,9,Lime
1674,KLH033b_0672.wav,i,3,Black
1675,KLH033b_0673.wav,a,1,Red
1676,KLH033b_0674.wav,au,14,Maroon
1677,KLH033b_0675.wav,a,1,Red
1678,KLH033b_0676.wav,a,1,Red
1679,KLH033b_0677.wav,e,2,Blue
1680,KLH033b_0678.wav,u,5,Olive
1681,KLH033b_0679.wav,i,3,Black
1682,KLH033b_0680.wav,M,9,Lime
1683,KLH033b_0681.wav,a,1,Red
1684,KLH033b_0682.wav,o,4,Green
1685,KLH033b_0683.wav,o,4,Green
1686,KLH033b_0684.wav,i,3,Black
1687,KLH033b_0685.wav,o,4,Green
1688,KLH033b_0686.wav,a,1,Red
1689,KLH033b_0687.wav,a,1,Red
1690,KLH033b_0688.wav,a,1,Red
1691,KLH033b_0689.wav,,7,Magenta
1692,KLH033b_0690.wav,,6,Yellow
1693,KLH033b_0691.wav,a,1,Red
1694,KLH033b_0692.wav,a,1,Red
1695,KLH033b_0693.wav,e,2,Blue
1696,KLH033b_0694.wav,e,2,Blue
1697,KLH033b_0695.wav,au,14,Maroon
1698,KLH033b_0696.wav,a,1,Red
1699,KLH033b_0697.wav,i,3,Black
1700,KLH033b_0698.wav,i,3,Black
1701,KLH033b_0699.wav,a,1,Red
1702,KLH033b_0700.wav,u,5,Olive
1703,KLH033b_0701.wav,i,3,Black
1704,KLH033b_0702.wav,o,4,Green
1705,KLH033b_0703.wav,o,4,Green
1706,KLH033b_0704.wav,a,1,Red
1707,KLH033b_0705.wav,u,5,Olive
1708,KLH033b_0706.wav,o,4,Green
1709,KLH033b_0707.wav,i,3,Black
1710,KLH033b_0708.wav,o,4,Green
1711,KLH033b_0709.wav,e,2,Blue
1712,KLH033b_0710.wav,i,3,Black
1713,KLH033b_0711.wav,a,1,Red
1714,KLH033b_0712.wav,a,1,Red
1715,KLH033b_0713.wav,a,1,Red
1716,KLH033b_0714.wav,u,5,Olive
1717,KLH033b_0715.wav,i,3,Black
1718,KLH033b_0716.wav,k,10,Purple
1719,KLH033b_0717.wav,,6,Yellow
1720,KLH033b_0718.wav,i,3,Black
1721,KLH033b_0719.wav,au,14,Maroon
1722,KLH033b_0720.wav,i,3,Black
1723,KLH033b_0721.wav,a,1,Red
1724,KLH033b_0722.wav,a,1,Red
1725,KLH033b_0723.wav,a,1,Red
1726,KLH033b_0724.wav,o,4,Green
1727,KLH033b_0725.wav,e,2,Blue
1728,KLH033b_0726.wav,o,4,Green
1729,KLH033b_0727.wav,o,4,Green
1730,KLH033b_0728.wav,o,4,Green
1731,KLH033b_0729.wav,e,2,Blue
1732,KLH033b_0730.wav,u,5,Olive
1733,KLH033b_0731.wav,a,1,Red
1734,KLH033b_0732.wav,a,1,Red
1735,KLH033b_0733.wav,u,5,Olive
1736,KLH033b_0734.wav,o,4,Green
1737,KLH033b_0735.wav,u,5,Olive
1738,KLH033b_0736.wav,o,4,Green
1739,KLH033b_0737.wav,e,2,Blue
1740,KLH033b_0738.wav,o,4,Green
1741,KLH033b_0739.wav,a,1,Red
1742,KLH033b_0740.wav,u,5,Olive
1743,KLH033b_0741.wav,a,1,Red
1744,KLH033b_0742.wav,u,5,Olive
1745,KLH033b_0743.wav,a,1,Red
1746,KLH033b_0744.wav,,6,Yellow
1747,KLH033b_0745.wav,ou,20,Blue
1748,KLH033b_0746.wav,u,5,Olive
1749,KLH033b_0747.wav,u,5,Olive
1750,KLH033b_0748.wav,a,1,Red
1751,KLH033b_0749.wav,i,3,Black
1752,KLH033b_0750.wav,,6,Yellow
1753,KLH033b_0751.wav,o,4,Green
1754,KLH033b_0752.wav,e,2,Blue
1755,KLH033b_0753.wav,ao,13,Pink
1756,KLH033b_0754.wav,o,4,Green
1757,KLH033b_0755.wav,o,4,Green
1758,KLH033b_0756.wav,o,4,Green
1759,KLH033b_0757.wav,i,3,Black
1760,KLH033b_0758.wav,a,1,Red
1761,KLH033b_0759.wav,e,2,Blue
1762,KLH033b_0760.wav,a,1,Red
1763,KLH033b_0761.wav,i,3,Black
1764,KLH033b_0762.wav,ae,12,Navy
1765,KLH033b_0763.wav,o,4,Green
1766,KLH033b_0764.wav,o,4,Green
1767,KLH033b_0765.wav,a,1,Red
1768,KLH033b_0766.wav,a,1,Red
1769,KLH033b_0767.wav,au,14,Maroon
1770,KLH033b_0768.wav,e,2,Blue
1771,KLH033b_0769.wav,a,1,Red
1772,KLH033b_0770.wav,a,1,Red
1773,KLH033b_0771.wav,a,1,Red
1774,KLH033b_0772.wav,i,3,Black
1775,KLH033b_0773.wav,i,3,Black
1776,KLH033b_0774.wav,i,24,Yellow
1777,KLH033b_0775.wav,a,1,Red
1778,KLH033b_0776.wav,a,1,Red
1779,KLH033b_0777.wav,a,1,Red
1780,KLH033b_0778.wav,i,3,Black
1781,KLH033b_0779.wav,u,5,Olive
1782,KLH033b_0780.wav,k,10,Purple
1783,KLH033b_0781.wav,,6,Yellow
1784,KLH033b_0782.wav,,6,Yellow
1785,KLH033b_0783.wav,o,4,Green
1786,KLH033b_0784.wav,a,1,Red
1787,KLH033b_0785.wav,o,4,Green
1788,KLH033b_0786.wav,a,1,Red
1789,KLH033b_0787.wav,a,1,Red
1790,KLH033b_0788.wav,o,4,Green
1791,KLH033b_0789.wav,e,2,Blue
1792,KLH033b_0790.wav,e,2,Blue
1793,KLH033b_0791.wav,a,1,Red
1794,KLH033b_0792.wav,a,1,Red
1795,KLH033b_0793.wav,o,4,Green
1796,KLH033b_0794.wav,o,4,Green
1797,KLH033b_0795.wav,a,1,Red
1798,KLH033b_0796.wav,e,2,Blue
1799,KLH033b_0797.wav,M,9,Lime
1800,KLH033b_0798.wav,o,4,Green
1801,KLH033b_0799.wav,e,2,Blue
1802,KLH033b_0800.wav,ai,11,Teal
1803,KLH033b_0801.wav,a,1,Red
1804,KLH033b_0802.wav,o,4,Green
1805,KLH033b_0803.wav,o,4,Green
1806,KLH033b_0804.wav,au,14,Maroon
1807,KLH033b_0805.wav,M,9,Lime
1808,KLH033b_0806.wav,i,3,Black
1809,KLH033b_0807.wav,e,2,Blue
1810,KLH033b_0808.wav,k,10,Purple
1811,KLH033b_0809.wav,e,2,Blue
1812,KLH033b_0810.wav,i,24,Yellow
1813,KLH033b_0811.wav,a,1,Red
1814,KLH033b_0812.wav,a,1,Red
1815,KLH033b_0813.wav,a,1,Red
1816,KLH033b_0814.wav,e,2,Blue
1817,KLH033b_0815.wav,au,14,Maroon
1818,KLH033b_0816.wav,a,1,Red
1819,KLH033b_0817.wav,a,1,Red
1820,KLH033b_0818.wav,i,3,Black
1821,KLH033b_0819.wav,,6,Yellow
1822,KLH033b_0820.wav,a,1,Red
1823,KLH033b_0821.wav,o,4,Green
1824,KLH033b_0822.wav,e,2,Blue
1825,KLH033b_0823.wav,au,14,Maroon
1826,KLH033b_0824.wav,a,1,Red
1827,KLH033b_0825.wav,a,1,Red
1828,KLH033b_0826.wav,a,1,Red
1829,KLH033b_0827.wav,M,9,Lime
1830,KLH033b_0828.wav,a,1,Red
1831,KLH033b_0829.wav,,6,Yellow
1832,KLH033b_0830.wav,e,2,Blue
1833,KLH033b_0831.wav,au,14,Maroon
1834,KLH033b_0832.wav,o,4,Green
1835,KLH033b_0833.wav,a,1,Red
1836,KLH033b_0834.wav,a,1,Red
1837,KLH033b_0835.wav,e,2,Blue
1838,KLH033b_0836.wav,M,9,Lime
1839,KLH033b_0837.wav,e,2,Blue
1840,KLH033b_0838.wav,au,14,Maroon
1841,KLH033b_0839.wav,,6,Yellow
1842,KLH033b_0840.wav,a,1,Red
1843,KLH033b_0841.wav,e,2,Blue
1844,KLH033b_0842.wav,M,9,Lime
1845,KLH033b_0843.wav,a,1,Red
1846,KLH033b_0844.wav,a,1,Red
1847,KLH033b_0845.wav,e,2,Blue
1848,KLH033b_0846.wav,i,3,Black
1849,KLH033b_0847.wav,au,14,Maroon
1850,KLH033b_0848.wav,,6,Yellow
1851,KLH033b_0849.wav,a,1,Red
1852,KLH033b_0850.wav,M,9,Lime
1853,KLH033b_0851.wav,o,4,Green
1854,KLH033b_0852.wav,a,1,Red
1855,KLH033b_0853.wav,e,2,Blue
1856,KLH033b_0854.wav,a,1,Red
1857,KLH033b_0855.wav,a,1,Red
1858,KLH033b_0856.wav,a,1,Red
1859,KLH033b_0857.wav,M,9,Lime
1860,KLH033b_0858.wav,au,14,Maroon
1861,KLH033b_0859.wav,e,2,Blue
1862,KLH033b_0860.wav,,6,Yellow
1863,KLH033b_0861.wav,i,3,Black
1864,KLH033b_0862.wav,a,1,Red
1865,KLH033b_0863.wav,e,2,Blue
1866,KLH033b_0864.wav,e,2,Blue
1867,KLH033b_0865.wav,i,3,Black
1868,KLH033b_0866.wav,u,5,Olive
1869,KLH033b_0867.wav,u,5,Olive
1870,KLH033b_0868.wav,au,14,Maroon
1871,KLH033b_0869.wav,a,1,Red
1872,KLH033b_0870.wav,e,2,Blue
1873,KLH033b_0871.wav,e,2,Blue
1874,KLH033b_0872.wav,a,1,Red
1875,KLH033b_0873.wav,u,5,Olive
1876,KLH033b_0874.wav,ei,22,Green
1877,KLH033b_0875.wav,au,14,Maroon
1878,KLH033b_0876.wav,i,3,Black
1879,KLH033b_0877.wav,i,24,Yellow
1880,KLH033b_0878.wav,a,1,Red
1881,KLH033b_0879.wav,a,1,Red
1882,KLH033b_0880.wav,i,3,Black
1883,KLH033b_0881.wav,a,1,Red
1884,KLH033b_0882.wav,a,1,Red
1885,KLH033b_0883.wav,i,3,Black
1886,KLH033b_0884.wav,a,1,Red
1887,KLH033b_0885.wav,a,1,Red
1888,KLH033b_0886.wav,e,2,Blue
1889,KLH033b_0887.wav,k,10,Purple
1890,KLH033b_0888.wav,a,1,Red
1891,KLH033b_0889.wav,i,3,Black
1892,KLH033b_0890.wav,o,4,Green
1893,KLH033b_0891.wav,au,14,Maroon
1894,KLH033b_0892.wav,e,2,Blue
1895,KLH033b_0893.wav,u,5,Olive
1896,KLH033b_0894.wav,u,5,Olive
1897,KLH033b_0895.wav,o,4,Green
1898,KLH033b_0896.wav,a,1,Red
1899,KLH033b_0897.wav,u,18,Black
1900,KLH033b_0898.wav,a,1,Red
1901,KLH033b_0899.wav,e,2,Blue
1902,KLH033b_0900.wav,e,2,Blue
1903,KLH033b_0901.wav,a,1,Red
1904,KLH033b_0902.wav,u,5,Olive
1905,KLH033b_0903.wav,ei,22,Green
1906,KLH033b_0904.wav,i,3,Black
1907,KLH033b_0905.wav,a,1,Red
1908,KLH033b_0906.wav,e,2,Blue
1909,KLH033b_0907.wav,k,10,Purple
1910,KLH033b_0908.wav,a,1,Red
1911,KLH033b_0909.wav,i,3,Black
1912,KLH033b_0910.wav,M,9,Lime
1913,KLH033b_0911.wav,i,3,Black
1914,KLH033b_0912.wav,e,2,Blue
1915,KLH033b_0913.wav,e,2,Blue
1916,KLH033b_0914.wav,ei,22,Green
1917,KLH033b_0915.wav,ai,11,Teal
1918,KLH033b_0916.wav,ei,22,Green
1919,KLH033b_0917.wav,u,18,Black
1920,KLH033b_0918.wav,a,1,Red
1921,KLH033b_0919.wav,u,5,Olive
1922,KLH033b_0920.wav,i,3,Black
1923,KLH033b_0921.wav,a,1,Red
1924,KLH033b_0922.wav,a,1,Red
1925,KLH033b_0923.wav,i,3,Black
1926,KLH033b_0924.wav,a,1,Red
1927,KLH033b_0925.wav,o,4,Green
1928,KLH033b_0926.wav,e,2,Blue
1929,KLH033b_0927.wav,i,3,Black
1930,KLH033b_0928.wav,e,2,Blue
1931,KLH033b_0929.wav,e,2,Blue
1932,KLH033b_0930.wav,ai,11,Teal
1933,KLH033b_0931.wav,ei,22,Green
1934,KLH033b_0932.wav,e,2,Blue
1935,KLH033b_0933.wav,,6,Yellow
1936,KLH033b_0934.wav,,6,Yellow
1937,KLH033b_0935.wav,i,3,Black
1938,KLH033b_0936.wav,,6,Yellow
1939,KLH033b_0937.wav,,6,Yellow
1940,KLH033b_0938.wav,ei,22,Green
1941,KLH033b_0939.wav,i,3,Black
1942,KLH033b_0940.wav,e,2,Blue
1943,KLH033b_0941.wav,o,4,Green
1944,KLH033b_0942.wav,e,2,Blue
1945,KLH033b_0943.wav,a,1,Red
1946,KLH033b_0944.wav,au,14,Maroon
1947,KLH033b_0945.wav,e,2,Blue
1948,KLH033b_0946.wav,a,1,Red
1949,KLH033b_0947.wav,a,1,Red
1950,KLH033b_0948.wav,a,1,Red
1951,KLH033b_0949.wav,a,1,Red
1952,KLH033b_0950.wav,o,4,Green
1953,KLH033b_0951.wav,e,2,Blue
1954,KLH033b_0952.wav,,6,Yellow
1955,KLH033b_0953.wav,u,18,Black
1956,KLH033b_0954.wav,a,1,Red
1957,KLH033b_0955.wav,ei,22,Green
1958,KLH033b_0956.wav,e,2,Blue
1959,KLH033b_0957.wav,a,1,Red
1960,KLH033b_0958.wav,i,3,Black
1961,KLH033b_0959.wav,o,4,Green
1962,KLH033b_0960.wav,a,1,Red
1963,KLH033b_0961.wav,i,3,Black
1964,KLH033b_0962.wav,e,2,Blue
1965,KLH033b_0963.wav,k,10,Purple
1966,KLH033b_0964.wav,e,2,Blue
1967,KLH033b_0965.wav,a,1,Red
1968,KLH033b_0966.wav,ei,22,Green
1969,KLH033b_0967.wav,o,4,Green
1970,KLH033b_0968.wav,,6,Yellow
1971,KLH033b_0969.wav,u,18,Black
1972,KLH033b_0970.wav,a,1,Red
1973,KLH033b_0971.wav,a,1,Red
1974,KLH033b_0972.wav,i,3,Black
1975,KLH033b_0973.wav,ei,22,Green
1976,KLH033b_0974.wav,a,1,Red
1977,KLH033b_0975.wav,a,1,Red
1978,KLH033b_0976.wav,M,9,Lime
1979,KLH033b_0977.wav,,7,Magenta
1980,KLH033b_0978.wav,,6,Yellow
1981,KLH033b_0979.wav,a,1,Red
1982,KLH033b_0980.wav,o,4,Green
1983,KLH033b_0981.wav,i,3,Black
1984,KLH033b_0982.wav,e,2,Blue
1985,KLH033b_0983.wav,a,1,Red
1986,KLH033b_0984.wav,o,4,Green
1987,KLH033b_0985.wav,a,1,Red
1988,KLH033b_0986.wav,a,1,Red
1989,KLH033b_0987.wav,a,1,Red
1990,KLH033b_0988.wav,i,3,Black
1991,KLH033b_0989.wav,i,3,Black
1992,KLH033b_0990.wav,i,3,Black
1993,KLH033b_0991.wav,,6,Yellow
1994,KLH033b_0992.wav,o,4,Green
1995,KLH033b_0993.wav,e,2,Blue
1996,KLH033b_0994.wav,e,2,Blue
1997,KLH033b_0995.wav,o,4,Green
1998,KLH033b_0996.wav,i,3,Black
1999,KLH033b_0997.wav,i,24,Yellow
2000,KLH033b_0998.wav,a,1,Red
2001,KLH033b_0999.wav,a,1,Red
2002,KLH033b_1000.wav,a,1,Red
2003,KLH033b_1001.wav,o,4,Green
2004,KLH033b_1002.wav,e,2,Blue
2005,KLH033b_1003.wav,a,1,Red
2006,KLH033b_1004.wav,u,5,Olive
2007,KLH033b_1005.wav,i,3,Black
2008,KLH033b_1006.wav,o,4,Green
2009,KLH033b_1007.wav,i,3,Black
2010,KLH033b_1008.wav,a,1,Red
2011,KLH033b_1009.wav,ai,11,Teal
2012,KLH033b_1010.wav,ei,22,Green
2013,KLH033b_1011.wav,,6,Yellow
2014,KLH033b_1012.wav,u,18,Black
2015,KLH033b_1013.wav,a,1,Red
2016,KLH033b_1014.wav,a,1,Red
2017,KLH033b_1015.wav,i,3,Black
2018,KLH033b_1016.wav,a,1,Red
2019,KLH033b_1017.wav,a,1,Red
2020,KLH033b_1018.wav,o,4,Green
2021,KLH033d_0001.wav,M,9,Lime
2022,KLH033d_0002.wav,o,4,Green
2023,KLH033d_0003.wav,i,3,Black
2024,KLH033d_0004.wav,a,1,Red
2025,KLH033d_0005.wav,i,3,Black
2026,KLH033d_0006.wav,ai,11,Teal
2027,KLH033d_0007.wav,ae,12,Navy
2028,KLH033d_0008.wav,e,2,Blue
2029,KLH033d_0009.wav,u,5,Olive
2030,KLH033d_0010.wav,e,2,Blue
2031,KLH033d_0011.wav,a,1,Red
2032,KLH033d_0012.wav,i,3,Black
2033,KLH033d_0013.wav,,7,Magenta
2034,KLH033d_0014.wav,,6,Yellow
2035,KLH033d_0015.wav,u,5,Olive
2036,KLH033d_0016.wav,a,1,Red
2037,KLH033d_0017.wav,au,14,Maroon
2038,KLH033d_0018.wav,a,1,Red
2039,KLH033d_0019.wav,a,1,Red
2040,KLH033d_0020.wav,,7,Magenta
2041,KLH033d_0021.wav,,6,Yellow
2042,KLH033d_0022.wav,i,3,Black
2043,KLH033d_0023.wav,a,1,Red
2044,KLH033d_0024.wav,ai,11,Teal
2045,KLH033d_0025.wav,M,9,Lime
2046,KLH033d_0026.wav,a,1,Red
2047,KLH033d_0027.wav,M,9,Lime
2048,KLH033d_0028.wav,e,2,Blue
2049,KLH033d_0029.wav,u,5,Olive
2050,KLH033d_0030.wav,e,2,Blue
2051,KLH033d_0031.wav,k,10,Purple
2052,KLH033d_0032.wav,ai,11,Teal
2053,KLH033d_0033.wav,ei,22,Green
2054,KLH033d_0034.wav,M,9,Lime
2055,KLH033d_0035.wav,i,3,Black
2056,KLH033d_0036.wav,a,1,Red
2057,KLH033d_0037.wav,a,1,Red
2058,KLH033d_0038.wav,a,1,Red
2059,KLH033d_0039.wav,a,1,Red
2060,KLH033d_0040.wav,e,2,Blue
2061,KLH033d_0041.wav,e,2,Blue
2062,KLH033d_0042.wav,a,1,Red
2063,KLH033d_0043.wav,o,4,Green
2064,KLH033d_0044.wav,e,2,Blue
2065,KLH033d_0045.wav,a,1,Red
2066,KLH033d_0046.wav,ai,11,Teal
2067,KLH033d_0047.wav,a,1,Red
2068,KLH033d_0048.wav,M,9,Lime
2069,KLH033d_0049.wav,e,2,Blue
2070,KLH033d_0050.wav,u,5,Olive
2071,KLH033d_0051.wav,i,3,Black
2072,KLH033d_0052.wav,a,1,Red
2073,KLH033d_0053.wav,o,4,Green
2074,KLH033d_0054.wav,a,1,Red
2075,KLH033d_0055.wav,,6,Yellow
2076,KLH033d_0056.wav,i,3,Black
2077,KLH033d_0057.wav,o,4,Green
2078,KLH033d_0058.wav,u,5,Olive
2079,KLH033d_0059.wav,a,1,Red
2080,KLH033d_0060.wav,a,1,Red
2081,KLH033d_0061.wav,a,1,Red
2082,KLH033d_0062.wav,M,9,Lime
2083,KLH033d_0063.wav,i,3,Black
2084,KLH033d_0064.wav,o,4,Green
2085,KLH033d_0065.wav,a,1,Red
2086,KLH033d_0066.wav,o,4,Green
2087,KLH033d_0067.wav,e,2,Blue
2088,KLH033d_0068.wav,o,4,Green
2089,KLH033d_0069.wav,o,4,Green
2090,KLH033d_0070.wav,ao,13,Pink
2091,KLH033d_0071.wav,o,4,Green
2092,KLH033d_0072.wav,o,4,Green
2093,KLH033d_0073.wav,o,4,Green
2094,KLH033d_0074.wav,a,1,Red
2095,KLH033d_0075.wav,a,1,Red
2096,KLH033d_0076.wav,,6,Yellow
2097,KLH033d_0077.wav,,6,Yellow
2098,KLH033d_0078.wav,,6,Yellow
2099,KLH033d_0079.wav,ou,20,Blue
2100,KLH033d_0080.wav,i,3,Black
2101,KLH033d_0081.wav,a,1,Red
2102,KLH033d_0082.wav,u,18,Black
2103,KLH033d_0083.wav,a,1,Red
2104,KLH033d_0084.wav,u,5,Olive
2105,KLH033d_0085.wav,u,5,Olive
2106,KLH033d_0086.wav,u,5,Olive
2107,KLH033d_0087.wav,u,5,Olive
2108,KLH033d_0088.wav,a,1,Red
2109,KLH033d_0089.wav,a,1,Red
2110,KLH033d_0090.wav,i,3,Black
2111,KLH033d_0091.wav,e,2,Blue
2112,KLH033d_0092.wav,e,2,Blue
2113,KLH033d_0093.wav,a,1,Red
2114,KLH033d_0094.wav,u,5,Olive
2115,KLH033d_0095.wav,e,2,Blue
2116,KLH033d_0096.wav,e,2,Blue
2117,KLH033d_0097.wav,ai,11,Teal
2118,KLH033d_0098.wav,i,3,Black
2119,KLH033d_0099.wav,a,1,Red
2120,KLH033d_0100.wav,ai,11,Teal
2121,KLH033d_0101.wav,o,4,Green
2122,KLH033d_0102.wav,i,3,Black
2123,KLH033d_0103.wav,a,1,Red
2124,KLH033d_0104.wav,M,9,Lime
2125,KLH033d_0105.wav,a,1,Red
2126,KLH033d_0106.wav,u,5,Olive
2127,KLH033d_0107.wav,i,3,Black
2128,KLH033d_0108.wav,u,5,Olive
2129,KLH033d_0109.wav,a,1,Red
2130,KLH033d_0110.wav,u,5,Olive
2131,KLH033d_0111.wav,ei,22,Green
2132,KLH033d_0112.wav,i,3,Black
2133,KLH033d_0113.wav,,6,Yellow
2134,KLH033d_0114.wav,o,4,Green
2135,KLH033d_0115.wav,e,2,Blue
2136,KLH033d_0116.wav,,6,Yellow
2137,KLH033d_0117.wav,e,2,Blue
2138,KLH033d_0118.wav,a,1,Red
2139,KLH033d_0119.wav,ai,11,Teal
2140,KLH033d_0120.wav,a,1,Red
2141,KLH033d_0121.wav,,6,Yellow
2142,KLH033d_0122.wav,ou,20,Blue
2143,KLH033d_0123.wav,e,2,Blue
2144,KLH033d_0124.wav,a,1,Red
2145,KLH033d_0125.wav,ai,11,Teal
2146,KLH033d_0126.wav,a,1,Red
2147,KLH033d_0127.wav,ai,11,Teal
2148,KLH033d_0128.wav,a,1,Red
2149,KLH033d_0129.wav,M,9,Lime
2150,KLH033d_0130.wav,e,2,Blue
2151,KLH033d_0131.wav,u,5,Olive
2152,KLH033d_0132.wav,e,2,Blue
2153,KLH033d_0133.wav,e,2,Blue
2154,KLH033d_0134.wav,ai,11,Teal
2155,KLH033d_0135.wav,a,1,Red
2156,KLH033d_0136.wav,a,1,Red
2157,KLH033d_0137.wav,,6,Yellow
2158,KLH033d_0138.wav,,7,Magenta
2159,KLH033d_0139.wav,e,2,Blue
2160,KLH033d_0140.wav,k,10,Purple
2161,KLH033d_0141.wav,ai,11,Teal
2162,KLH033d_0142.wav,a,1,Red
2163,KLH033d_0143.wav,e,2,Blue
2164,KLH033d_0144.wav,e,2,Blue
2165,KLH033d_0145.wav,u,5,Olive
2166,KLH033d_0146.wav,a,1,Red
2167,KLH033d_0147.wav,,6,Yellow
2168,KLH033d_0148.wav,ou,20,Blue
2169,KLH033d_0149.wav,e,2,Blue
2170,KLH033d_0150.wav,k,10,Purple
2171,KLH033d_0151.wav,ai,11,Teal
2172,KLH033d_0152.wav,M,9,Lime
2173,KLH033d_0153.wav,e,2,Blue
2174,KLH033d_0154.wav,a,1,Red
2175,KLH033d_0155.wav,au,14,Maroon
2176,KLH033d_0156.wav,,6,Yellow
2177,KLH033d_0157.wav,,6,Yellow
2178,KLH033d_0158.wav,ou,20,Blue
2179,KLH033d_0159.wav,a,1,Red
2180,KLH033d_0160.wav,i,3,Black
2181,KLH033d_0161.wav,a,1,Red
2182,KLH033d_0162.wav,a,1,Red
2183,KLH033d_0163.wav,a,1,Red
2184,KLH033d_0164.wav,a,1,Red
2185,KLH033d_0165.wav,o,4,Green
2186,KLH033d_0166.wav,e,2,Blue
2187,KLH033d_0167.wav,,6,Yellow
2188,KLH033d_0168.wav,,6,Yellow
2189,KLH033d_0169.wav,,6,Yellow
2190,KLH033d_0170.wav,a,1,Red
2191,KLH033d_0171.wav,i,3,Black
2192,KLH033d_0172.wav,ai,11,Teal
2193,KLH033d_0173.wav,a,1,Red
2194,KLH033d_0174.wav,,6,Yellow
2195,KLH033d_0175.wav,a,1,Red
2196,KLH033d_0176.wav,e,2,Blue
2197,KLH033d_0177.wav,o,4,Green
2198,KLH033d_0178.wav,e,2,Blue
2199,KLH033d_0179.wav,a,1,Red
2200,KLH033d_0180.wav,e,2,Blue
2201,KLH033d_0181.wav,o,4,Green
2202,KLH033d_0182.wav,e,2,Blue
2203,KLH033d_0183.wav,e,2,Blue
2204,KLH033d_0184.wav,i,3,Black
2205,KLH033d_0185.wav,i,3,Black
2206,KLH033d_0186.wav,o,4,Green
2207,KLH033d_0187.wav,e,2,Blue
2208,KLH033d_0188.wav,,6,Yellow
2209,KLH033d_0189.wav,a,1,Red
2210,KLH033d_0190.wav,i,3,Black
2211,KLH033d_0191.wav,u,5,Olive
2212,KLH033d_0192.wav,a,1,Red
2213,KLH033d_0193.wav,i,24,Yellow
2214,KLH033d_0194.wav,a,1,Red
2215,KLH033d_0195.wav,i,3,Black
2216,KLH033d_0196.wav,i,3,Black
2217,KLH033d_0197.wav,i,3,Black
2218,KLH033d_0198.wav,e,2,Blue
2219,KLH033d_0199.wav,k,10,Purple
2220,KLH033d_0200.wav,e,2,Blue
2221,KLH033d_0201.wav,e,2,Blue
2222,KLH033d_0202.wav,o,4,Green
2223,KLH033d_0203.wav,e,2,Blue
2224,KLH033d_0204.wav,i,3,Black
2225,KLH033d_0205.wav,i,24,Yellow
2226,KLH033d_0206.wav,a,1,Red
2227,KLH033d_0207.wav,a,1,Red
2228,KLH033d_0208.wav,a,1,Red
2229,KLH033d_0209.wav,e,2,Blue
2230,KLH033d_0210.wav,e,2,Blue
2231,KLH033d_0211.wav,ai,11,Teal
2232,KLH033d_0212.wav,o,4,Green
2233,KLH033d_0213.wav,e,2,Blue
2234,KLH033d_0214.wav,k,10,Purple
2235,KLH033d_0215.wav,ai,11,Teal
2236,KLH033d_0216.wav,e,2,Blue
2237,KLH033d_0217.wav,o,4,Green
2238,KLH033d_0218.wav,u,5,Olive
2239,KLH033d_0219.wav,ao,13,Pink
2240,KLH033d_0220.wav,a,1,Red
2241,KLH033d_0221.wav,o,4,Green
2242,KLH033d_0222.wav,e,2,Blue
2243,KLH033d_0223.wav,i,3,Black
2244,KLH033d_0224.wav,a,1,Red
2245,KLH033d_0225.wav,a,1,Red
2246,KLH033d_0226.wav,o,4,Green
2247,KLH033d_0227.wav,i,3,Black
2248,KLH033d_0228.wav,a,1,Red
2249,KLH033d_0229.wav,,7,Magenta
2250,KLH033d_0230.wav,,6,Yellow
2251,KLH033d_0231.wav,a,1,Red
2252,KLH033d_0232.wav,o,4,Green
2253,KLH033d_0233.wav,i,3,Black
2254,KLH033d_0234.wav,i,3,Black
2255,KLH033d_0235.wav,o,4,Green
2256,KLH033d_0236.wav,e,2,Blue
2257,KLH033d_0237.wav,a,1,Red
2258,KLH033d_0238.wav,e,2,Blue
2259,KLH033d_0239.wav,e,2,Blue
2260,KLH033d_0240.wav,u,5,Olive
2261,KLH033d_0241.wav,a,1,Red
2262,KLH033d_0242.wav,o,4,Green
2263,KLH033d_0243.wav,a,1,Red
2264,KLH033d_0244.wav,o,4,Green
2265,KLH033d_0245.wav,a,1,Red
2266,KLH033d_0246.wav,o,4,Green
2267,KLH033d_0247.wav,e,2,Blue
2268,KLH033d_0248.wav,,6,Yellow
2269,KLH033d_0249.wav,a,1,Red
2270,KLH033d_0250.wav,e,2,Blue
2271,KLH033d_0251.wav,a,1,Red
2272,KLH033d_0252.wav,e,2,Blue
2273,KLH033d_0253.wav,e,2,Blue
2274,KLH033d_0254.wav,,6,Yellow
2275,KLH033d_0255.wav,e,2,Blue
2276,KLH033d_0256.wav,a,1,Red
2277,KLH033d_0257.wav,a,1,Red
2278,KLH033d_0258.wav,M,9,Lime
2279,KLH033d_0259.wav,e,2,Blue
2280,KLH033d_0260.wav,u,5,Olive
2281,KLH033d_0261.wav,i,3,Black
2282,KLH033d_0262.wav,a,1,Red
2283,KLH033d_0263.wav,a,1,Red
2284,KLH033d_0264.wav,,6,Yellow
2285,KLH033d_0265.wav,,7,Magenta
2286,KLH033d_0266.wav,o,4,Green
2287,KLH033d_0267.wav,i,3,Black
2288,KLH033d_0268.wav,a,1,Red
2289,KLH033d_0269.wav,e,2,Blue
2290,KLH033d_0270.wav,M,9,Lime
2291,KLH033d_0271.wav,a,1,Red
2292,KLH033d_0272.wav,u,5,Olive
2293,KLH033d_0273.wav,e,2,Blue
2294,KLH033d_0274.wav,e,2,Blue
2295,KLH033d_0275.wav,o,4,Green
2296,KLH033d_0276.wav,o,4,Green
2297,KLH033d_0277.wav,ao,13,Pink
2298,KLH033d_0278.wav,o,4,Green
2299,KLH033d_0279.wav,a,1,Red
2300,KLH033d_0280.wav,,6,Yellow
2301,KLH033d_0281.wav,a,1,Red
2302,KLH033d_0282.wav,i,3,Black
2303,KLH033d_0283.wav,e,2,Blue
2304,KLH033d_0284.wav,M,9,Lime
2305,KLH033d_0285.wav,o,4,Green
2306,KLH033d_0286.wav,e,2,Blue
2307,KLH033d_0287.wav,M,9,Lime
2308,KLH033d_0288.wav,au,14,Maroon
2309,KLH033d_0289.wav,o,4,Green
2310,KLH033d_0290.wav,e,2,Blue
2311,KLH033d_0291.wav,a,1,Red
2312,KLH033d_0292.wav,ai,11,Teal
2313,KLH033d_0293.wav,a,1,Red
2314,KLH033d_0294.wav,M,9,Lime
2315,KLH033d_0295.wav,e,2,Blue
2316,KLH033d_0296.wav,u,5,Olive
2317,KLH033d_0297.wav,,6,Yellow
2318,KLH033d_0298.wav,,6,Yellow
2319,KLH033d_0299.wav,ou,20,Blue
2320,KLH033d_0300.wav,a,1,Red
2321,KLH033d_0301.wav,a,1,Red
2322,KLH033d_0302.wav,i,3,Black
2323,KLH033d_0303.wav,a,1,Red
2324,KLH033d_0304.wav,au,14,Maroon
2325,KLH033d_0305.wav,a,1,Red
2326,KLH033d_0306.wav,i,3,Black
2327,KLH033d_0307.wav,a,1,Red
2328,KLH033d_0308.wav,k,10,Purple
2329,KLH033d_0309.wav,ai,11,Teal
2330,KLH033d_0310.wav,a,1,Red
2331,KLH033d_0311.wav,e,2,Blue
2332,KLH033d_0312.wav,a,1,Red
2333,KLH033d_0313.wav,au,14,Maroon
2334,KLH033d_0314.wav,e,2,Blue
2335,KLH033d_0315.wav,i,3,Black
2336,KLH033d_0316.wav,au,14,Maroon
2337,KLH033d_0317.wav,u,5,Olive
2338,KLH033d_0318.wav,a,1,Red
2339,KLH033d_0319.wav,o,4,Green
2340,KLH033d_0320.wav,e,2,Blue
2341,KLH033d_0321.wav,M,9,Lime
2342,KLH033d_0322.wav,e,2,Blue
2343,KLH033d_0323.wav,a,1,Red
2344,KLH033d_0324.wav,ai,11,Teal
2345,KLH033d_0325.wav,a,1,Red
2346,KLH033d_0326.wav,i,3,Black
2347,KLH033d_0327.wav,,6,Yellow
2348,KLH033d_0328.wav,,6,Yellow
2349,KLH033d_0329.wav,u,5,Olive
2350,KLH033d_0330.wav,i,3,Black
2351,KLH033d_0331.wav,a,1,Red
2352,KLH033d_0332.wav,o,4,Green
2353,KLH033d_0333.wav,ou,20,Blue
2354,KLH033d_0334.wav,a,1,Red
2355,KLH033d_0335.wav,ai,11,Teal
2356,KLH033d_0336.wav,a,1,Red
2357,KLH033d_0337.wav,i,3,Black
2358,KLH033d_0338.wav,o,4,Green
2359,KLH033d_0339.wav,o,4,Green
2360,KLH033d_0340.wav,u,5,Olive
2361,KLH033d_0341.wav,u,5,Olive
2362,KLH033d_0342.wav,i,24,Yellow
2363,KLH033d_0343.wav,a,1,Red
2364,KLH033d_0344.wav,a,1,Red
2365,KLH033d_0345.wav,i,3,Black
2366,KLH033d_0346.wav,,6,Yellow
2367,KLH033d_0347.wav,au,14,Maroon
2368,KLH033d_0348.wav,M,9,Lime
2369,KLH033d_0349.wav,e,2,Blue
2370,KLH033d_0350.wav,a,1,Red
2371,KLH033d_0351.wav,M,9,Lime
2372,KLH033d_0352.wav,e,2,Blue
2373,KLH033d_0353.wav,e,2,Blue
2374,KLH033d_0354.wav,e,2,Blue
2375,KLH033d_0355.wav,i,3,Black
2376,KLH033d_0356.wav,o,4,Green
2377,KLH033d_0357.wav,a,1,Red
2378,KLH033d_0358.wav,a,1,Red
2379,KLH033d_0359.wav,o,4,Green
2380,KLH033d_0360.wav,i,3,Black
2381,KLH033d_0361.wav,a,1,Red
2382,KLH033d_0362.wav,u,5,Olive
2383,KLH033d_0363.wav,e,2,Blue
2384,KLH033d_0364.wav,u,5,Olive
2385,KLH033d_0365.wav,i,3,Black
2386,KLH033d_0366.wav,u,5,Olive
2387,KLH033d_0367.wav,a,1,Red
2388,KLH033d_0368.wav,e,2,Blue
2389,KLH033d_0369.wav,,6,Yellow
2390,KLH033d_0370.wav,,6,Yellow
2391,KLH033d_0371.wav,ai,11,Teal
2392,KLH033d_0372.wav,a,1,Red
2393,KLH033d_0373.wav,,6,Yellow
2394,KLH033d_0374.wav,M,9,Lime
2395,KLH033d_0375.wav,a,1,Red
2396,KLH033d_0376.wav,e,2,Blue
2397,KLH033d_0377.wav,a,1,Red
2398,KLH033d_0378.wav,o,4,Green
2399,KLH033d_0379.wav,e,2,Blue
2400,KLH033d_0380.wav,u,5,Olive
2401,KLH033d_0381.wav,i,3,Black
2402,KLH033d_0382.wav,o,4,Green
2403,KLH033d_0383.wav,a,1,Red
2404,KLH033d_0384.wav,o,4,Green
2405,KLH033d_0385.wav,e,2,Blue
2406,KLH033d_0386.wav,a,1,Red
2407,KLH033d_0387.wav,a,1,Red
2408,KLH033d_0388.wav,,6,Yellow
2409,KLH033d_0389.wav,u,5,Olive
2410,KLH033d_0390.wav,i,3,Black
2411,KLH033d_0391.wav,,7,Magenta
2412,KLH033d_0392.wav,,7,Magenta
2413,KLH033d_0393.wav,,6,Yellow
2414,KLH033d_0394.wav,a,1,Red
2415,KLH033d_0395.wav,u,5,Olive
2416,KLH033d_0396.wav,a,1,Red
2417,KLH033d_0397.wav,o,4,Green
2418,KLH033d_0398.wav,a,1,Red
2419,KLH033d_0399.wav,i,3,Black
2420,KLH033d_0400.wav,a,1,Red
2421,KLH033d_0401.wav,M,9,Lime
2422,KLH033d_0402.wav,i,3,Black
2423,KLH033d_0403.wav,,6,Yellow
2424,KLH033d_0404.wav,,6,Yellow
2425,KLH033d_0405.wav,k,10,Purple
2426,KLH033d_0406.wav,ai,11,Teal
2427,KLH033d_0407.wav,M,9,Lime
2428,KLH033d_0408.wav,e,2,Blue
2429,KLH033d_0409.wav,u,5,Olive
2430,KLH033d_0410.wav,i,3,Black
2431,KLH033d_0411.wav,o,4,Green
2432,KLH033d_0412.wav,o,4,Green
2433,KLH033d_0413.wav,u,5,Olive
2434,KLH033d_0414.wav,ei,22,Green
2435,KLH033d_0415.wav,a,1,Red
2436,KLH033d_0416.wav,a,1,Red
2437,KLH033d_0417.wav,au,14,Maroon
2438,KLH033d_0418.wav,au,14,Maroon
2439,KLH033d_0419.wav,a,1,Red
2440,KLH033d_0420.wav,a,1,Red
2441,KLH033d_0421.wav,ai,11,Teal
2442,KLH033d_0422.wav,ei,22,Green
2443,KLH033d_0423.wav,M,9,Lime
2444,KLH033d_0424.wav,a,1,Red
2445,KLH033d_0425.wav,e,2,Blue
2446,KLH033d_0426.wav,o,4,Green
2447,KLH033d_0427.wav,i,3,Black
2448,KLH033d_0428.wav,e,2,Blue
2449,KLH033d_0429.wav,i,3,Black
2450,KLH033d_0430.wav,M,9,Lime
2451,KLH033d_0431.wav,e,2,Blue
2452,KLH033d_0432.wav,u,5,Olive
2453,KLH033d_0433.wav,o,4,Green
2454,KLH033d_0434.wav,o,4,Green
2455,KLH033d_0435.wav,o,4,Green
2456,KLH033d_0436.wav,i,3,Black
2457,KLH033d_0437.wav,a,1,Red
2458,KLH033d_0438.wav,o,4,Green
2459,KLH033d_0439.wav,i,3,Black
2460,KLH033d_0440.wav,e,2,Blue
2461,KLH033d_0441.wav,i,3,Black
2462,KLH033d_0442.wav,o,4,Green
2463,KLH033d_0443.wav,ei,22,Green
2464,KLH033d_0444.wav,,7,Magenta
2465,KLH033d_0445.wav,,6,Yellow
2466,KLH033d_0446.wav,e,2,Blue
2467,KLH033d_0447.wav,a,1,Red
2468,KLH033d_0448.wav,,6,Yellow
2469,KLH033d_0449.wav,,6,Yellow
2470,KLH033d_0450.wav,ou,20,Blue
2471,KLH033d_0451.wav,a,1,Red
2472,KLH033d_0452.wav,o,4,Green
2473,KLH033d_0453.wav,o,4,Green
2474,KLH033d_0454.wav,o,4,Green
2475,KLH033d_0455.wav,a,1,Red
2476,KLH033d_0456.wav,a,1,Red
2477,KLH033d_0457.wav,,7,Magenta
2478,KLH033d_0458.wav,,6,Yellow
2479,KLH033d_0459.wav,k,10,Purple
2480,KLH033d_0460.wav,u,5,Olive
2481,KLH033d_0461.wav,a,1,Red
2482,KLH033d_0462.wav,u,5,Olive
2483,KLH033d_0463.wav,a,1,Red
2484,KLH033d_0464.wav,a,1,Red
2485,KLH033d_0465.wav,i,3,Black
2486,KLH033d_0466.wav,e,2,Blue
2487,KLH033d_0467.wav,u,5,Olive
2488,KLH033d_0468.wav,a,1,Red
2489,KLH033d_0469.wav,a,1,Red
2490,KLH033d_0470.wav,,6,Yellow
2491,KLH033d_0471.wav,a,1,Red
2492,KLH033d_0472.wav,e,2,Blue
2493,KLH033d_0473.wav,a,1,Red
2494,KLH033d_0474.wav,a,1,Red
2495,KLH033d_0475.wav,,6,Yellow
2496,KLH033d_0476.wav,a,1,Red
2497,KLH033d_0477.wav,e,2,Blue
2498,KLH033d_0478.wav,a,1,Red
2499,KLH033d_0479.wav,e,2,Blue
2500,KLH033d_0480.wav,i,3,Black
2501,KLH033d_0481.wav,a,1,Red
2502,KLH033d_0482.wav,e,2,Blue
2503,KLH033d_0483.wav,k,10,Purple
2504,KLH033d_0484.wav,ai,11,Teal
2505,KLH033d_0485.wav,a,1,Red
2506,KLH033d_0486.wav,o,4,Green
2507,KLH033d_0487.wav,a,1,Red
2508,KLH033d_0488.wav,ai,11,Teal
2509,KLH033d_0489.wav,a,1,Red
2510,KLH033d_0490.wav,a,1,Red
2511,KLH033d_0491.wav,i,3,Black
2512,KLH033d_0492.wav,e,2,Blue
2513,KLH033d_0493.wav,e,2,Blue
2514,KLH033d_0494.wav,ao,13,Pink
2515,KLH033d_0495.wav,e,2,Blue
2516,KLH033d_0496.wav,a,1,Red
2517,KLH033d_0497.wav,,7,Magenta
2518,KLH033d_0498.wav,a,1,Red
2519,KLH033d_0499.wav,e,2,Blue
2520,KLH033d_0500.wav,e,2,Blue
2521,KLH033d_0501.wav,o,4,Green
2522,KLH033d_0502.wav,a,1,Red
2523,KLH033d_0503.wav,ai,11,Teal
2524,KLH033d_0504.wav,e,2,Blue
2525,KLH033d_0505.wav,i,24,Yellow
2526,KLH033d_0506.wav,a,1,Red
2527,KLH033d_0507.wav,o,4,Green
2528,KLH033d_0508.wav,i,3,Black
2529,KLH033d_0509.wav,a,1,Red
2530,KLH033d_0510.wav,u,5,Olive
2531,KLH033d_0511.wav,i,3,Black
2532,KLH033d_0512.wav,a,1,Red
2533,KLH033d_0513.wav,a,1,Red
2534,KLH033d_0514.wav,a,1,Red
2535,KLH033d_0515.wav,a,1,Red
2536,KLH033d_0516.wav,a,1,Red
2537,KLH033d_0517.wav,M,9,Lime
2538,KLH033d_0518.wav,e,2,Blue
2539,KLH033d_0519.wav,e,2,Blue
2540,KLH033d_0520.wav,au,14,Maroon
2541,KLH033d_0521.wav,a,1,Red
2542,KLH033d_0522.wav,o,4,Green
2543,KLH033d_0523.wav,e,2,Blue
2544,KLH033d_0524.wav,i,3,Black
2545,KLH033d_0525.wav,a,1,Red
2546,KLH033d_0526.wav,M,9,Lime
2547,KLH033d_0527.wav,e,2,Blue
2548,KLH033d_0528.wav,e,2,Blue
2549,KLH033d_0529.wav,,6,Yellow
2550,KLH033d_0530.wav,i,3,Black
2551,KLH033d_0531.wav,a,1,Red
2552,KLH033d_0532.wav,o,4,Green
2553,KLH033d_0533.wav,a,1,Red
2554,KLH033d_0534.wav,u,5,Olive
2555,KLH033d_0535.wav,a,1,Red
2556,KLH033d_0536.wav,u,5,Olive
2557,KLH033d_0537.wav,a,1,Red
2558,KLH033d_0538.wav,a,1,Red
2559,KLH033d_0539.wav,e,2,Blue
2560,KLH033d_0540.wav,i,3,Black
2561,KLH033d_0541.wav,i,3,Black
2562,KLH033d_0542.wav,e,2,Blue
2563,KLH033d_0543.wav,a,1,Red
2564,KLH033d_0544.wav,a,1,Red
2565,KLH033d_0545.wav,a,1,Red
2566,KLH033d_0546.wav,M,9,Lime
2567,KLH033d_0547.wav,e,2,Blue
2568,KLH033d_0548.wav,e,2,Blue
2569,KLH033d_0549.wav,a,1,Red
2570,KLH033d_0550.wav,o,4,Green
2571,KLH033d_0551.wav,o,4,Green
2572,KLH033d_0552.wav,M,9,Lime
2573,KLH033d_0553.wav,i,3,Black
2574,KLH033d_0554.wav,a,1,Red
2575,KLH033d_0555.wav,e,2,Blue
2576,KLH033d_0556.wav,a,1,Red
2577,KLH033d_0557.wav,a,1,Red
2578,KLH033d_0558.wav,o,4,Green
2579,KLH033d_0559.wav,e,2,Blue
2580,KLH033d_0560.wav,u,5,Olive
2581,KLH033d_0561.wav,i,3,Black
2582,KLH033d_0562.wav,o,4,Green
2583,KLH033d_0563.wav,a,1,Red
2584,KLH033d_0564.wav,o,4,Green
2585,KLH033d_0565.wav,e,2,Blue
2586,KLH033d_0566.wav,i,3,Black
2587,KLH033d_0567.wav,e,2,Blue
2588,KLH033d_0568.wav,k,10,Purple
2589,KLH033d_0569.wav,e,2,Blue
2590,KLH033d_0570.wav,a,1,Red
2591,KLH033d_0571.wav,a,1,Red
2592,KLH033d_0572.wav,o,4,Green
2593,KLH033d_0573.wav,e,2,Blue
2594,KLH033d_0574.wav,o,4,Green
2595,KLH033d_0575.wav,au,14,Maroon
2596,KLH033d_0576.wav,a,1,Red
2597,KLH033d_0577.wav,i,3,Black
2598,KLH033d_0578.wav,a,1,Red
2599,KLH033d_0579.wav,u,5,Olive
2600,KLH033d_0580.wav,,6,Yellow
2601,KLH033d_0581.wav,a,1,Red
2602,KLH033d_0582.wav,u,5,Olive
2603,KLH033d_0583.wav,e,2,Blue
2604,KLH033d_0584.wav,u,5,Olive
2605,KLH033d_0585.wav,a,1,Red
2606,KLH033d_0586.wav,o,4,Green
2607,KLH033d_0587.wav,a,1,Red
2608,KLH033d_0588.wav,a,1,Red
2609,KLH033d_0589.wav,e,2,Blue
2610,KLH033d_0590.wav,o,4,Green
2611,KLH033d_0591.wav,i,3,Black
2612,KLH033d_0592.wav,a,1,Red
2613,KLH033d_0593.wav,a,1,Red
2614,KLH033d_0594.wav,e,2,Blue
2615,KLH033d_0595.wav,ou,20,Blue
2616,KLH033d_0596.wav,au,14,Maroon
2617,KLH033d_0597.wav,i,24,Yellow
2618,KLH033d_0598.wav,a,1,Red
2619,KLH033d_0599.wav,,6,Yellow
2620,KLH033d_0600.wav,e,2,Blue
2621,KLH033d_0601.wav,o,4,Green
2622,KLH033d_0602.wav,a,1,Red
2623,KLH033d_0603.wav,e,2,Blue
2624,KLH033d_0604.wav,a,1,Red
2625,KLH033d_0605.wav,o,4,Green
2626,KLH033d_0606.wav,e,2,Blue
2627,KLH033d_0607.wav,e,2,Blue
2628,KLH033d_0608.wav,o,4,Green
2629,KLH033d_0609.wav,i,3,Black
2630,KLH033d_0610.wav,a,1,Red
2631,KLH033d_0611.wav,o,4,Green
2632,KLH033d_0612.wav,e,2,Blue
2633,KLH033d_0613.wav,e,2,Blue
2634,KLH033d_0614.wav,e,2,Blue
2635,KLH033d_0615.wav,o,4,Green
2636,KLH033d_0616.wav,i,3,Black
2637,KLH033d_0617.wav,i,3,Black
2638,KLH033d_0618.wav,e,2,Blue
2639,KLH033d_0619.wav,au,14,Maroon
2640,KLH033d_0620.wav,a,1,Red
2641,KLH033d_0621.wav,a,1,Red
2642,KLH033d_0622.wav,,6,Yellow
2643,KLH033d_0623.wav,u,5,Olive
2644,KLH033d_0624.wav,e,2,Blue
2645,KLH033d_0625.wav,o,4,Green
2646,KLH033d_0626.wav,au,14,Maroon
2647,KLH033d_0627.wav,o,4,Green
2648,KLH033d_0628.wav,o,4,Green
2649,KLH033d_0629.wav,ei,22,Green
2650,KLH033d_0630.wav,a,1,Red
2651,KLH033d_0631.wav,o,4,Green
2652,KLH033d_0632.wav,e,2,Blue
2653,KLH033d_0633.wav,a,1,Red
2654,KLH033d_0634.wav,,6,Yellow
2655,KLH033d_0635.wav,e,2,Blue
2656,KLH033d_0636.wav,i,3,Black
2657,KLH033d_0637.wav,a,1,Red
2658,KLH033d_0638.wav,,6,Yellow
2659,KLH033d_0639.wav,u,5,Olive
2660,KLH033d_0640.wav,a,1,Red
2661,KLH033d_0641.wav,k,10,Purple
2662,KLH033d_0642.wav,,6,Yellow
2663,KLH033d_0643.wav,a,1,Red
2664,KLH033d_0644.wav,u,5,Olive
2665,KLH033d_0645.wav,a,1,Red
2666,KLH033d_0646.wav,i,3,Black
2667,KLH033d_0647.wav,i,3,Black
2668,KLH033d_0648.wav,e,2,Blue
2669,KLH033d_0649.wav,u,5,Olive
2670,KLH033d_0650.wav,a,1,Red
2671,KLH033d_0651.wav,a,1,Red
2672,KLH033d_0652.wav,e,2,Blue
2673,KLH033d_0653.wav,M,9,Lime
2674,KLH033d_0654.wav,a,1,Red
2675,KLH033d_0655.wav,u,5,Olive
2676,KLH033d_0656.wav,e,2,Blue
2677,KLH033d_0657.wav,a,1,Red
2678,KLH033d_0658.wav,u,5,Olive
2679,KLH033d_0659.wav,,6,Yellow
2680,KLH033d_0660.wav,e,2,Blue
2681,KLH033e_0001.wav,i,15,Grey
2682,KLH033e_0002.wav,a,1,Red
2683,KLH033e_0003.wav,u,5,Olive
2684,KLH033e_0004.wav,i,3,Black
2685,KLH033e_0005.wav,,7,Magenta
2686,KLH033e_0006.wav,,6,Yellow
2687,KLH033e_0007.wav,u,5,Olive
2688,KLH033e_0008.wav,i,3,Black
2689,KLH033e_0009.wav,a,1,Red
2690,KLH033e_0010.wav,a,1,Red
2691,KLH033e_0011.wav,i,3,Black
2692,KLH033e_0012.wav,a,1,Red
2693,KLH033e_0013.wav,e,2,Blue
2694,KLH033e_0014.wav,i,3,Black
2695,KLH033e_0015.wav,k,10,Purple
2696,KLH033e_0016.wav,e,2,Blue
2697,KLH033e_0017.wav,o,4,Green
2698,KLH033e_0018.wav,a,1,Red
2699,KLH033e_0019.wav,u,5,Olive
2700,KLH033e_0020.wav,ei,22,Green
2701,KLH033e_0021.wav,i,3,Black
2702,KLH033e_0022.wav,a,1,Red
2703,KLH033e_0023.wav,o,4,Green
2704,KLH033e_0024.wav,a,1,Red
2705,KLH033e_0025.wav,i,3,Black
2706,KLH033e_0026.wav,,6,Yellow
2707,KLH033e_0027.wav,,6,Yellow
2708,KLH033e_0028.wav,o,4,Green
2709,KLH033e_0029.wav,a,1,Red
2710,KLH033e_0030.wav,ai,11,Teal
2711,KLH033e_0031.wav,i,3,Black
2712,KLH033e_0032.wav,i,3,Black
2713,KLH033e_0033.wav,i,3,Black
2714,KLH033e_0034.wav,i,3,Black
2715,KLH033e_0035.wav,,6,Yellow
2716,KLH033e_0036.wav,o,4,Green
2717,KLH033e_0037.wav,e,2,Blue
2718,KLH033e_0038.wav,e,2,Blue
2719,KLH033e_0039.wav,a,1,Red
2720,KLH033e_0040.wav,ai,11,Teal
2721,KLH033e_0041.wav,a,1,Red
2722,KLH033e_0042.wav,au,14,Maroon
2723,KLH033e_0043.wav,o,4,Green
2724,KLH033e_0044.wav,e,2,Blue
2725,KLH033e_0045.wav,i,3,Black
2726,KLH033e_0046.wav,i,24,Yellow
2727,KLH033e_0047.wav,a,1,Red
2728,KLH033e_0048.wav,a,1,Red
2729,KLH033e_0049.wav,a,1,Red
2730,KLH033e_0050.wav,a,1,Red
2731,KLH033e_0051.wav,e,2,Blue
2732,KLH033e_0052.wav,a,1,Red
2733,KLH033e_0053.wav,o,4,Green
2734,KLH033e_0054.wav,e,2,Blue
2735,KLH033e_0055.wav,o,4,Green
2736,KLH033e_0056.wav,e,2,Blue
2737,KLH033e_0057.wav,i,3,Black
2738,KLH033e_0058.wav,e,2,Blue
2739,KLH033e_0059.wav,i,3,Black
2740,KLH033e_0060.wav,i,24,Yellow
2741,KLH033e_0061.wav,o,4,Green
2742,KLH033e_0062.wav,e,2,Blue
2743,KLH033e_0063.wav,e,2,Blue
2744,KLH033e_0064.wav,a,1,Red
2745,KLH033e_0065.wav,au,14,Maroon
2746,KLH033e_0066.wav,M,9,Lime
2747,KLH033e_0067.wav,a,1,Red
2748,KLH033e_0068.wav,u,5,Olive
2749,KLH033e_0069.wav,i,3,Black
2750,KLH033e_0070.wav,o,4,Green
2751,KLH033e_0071.wav,a,1,Red
2752,KLH033e_0072.wav,i,15,Grey
2753,KLH033e_0073.wav,a,1,Red
2754,KLH033e_0074.wav,i,3,Black
2755,KLH033e_0075.wav,i,3,Black
2756,KLH033e_0076.wav,M,9,Lime
2757,KLH033e_0077.wav,e,2,Blue
2758,KLH033e_0078.wav,a,1,Red
2759,KLH033e_0079.wav,au,14,Maroon
2760,KLH033e_0080.wav,au,14,Maroon
2761,KLH033e_0081.wav,a,1,Red
2762,KLH033e_0082.wav,i,3,Black
2763,KLH033e_0083.wav,ou,20,Blue
2764,KLH033e_0084.wav,o,4,Green
2765,KLH033e_0085.wav,e,2,Blue
2766,KLH033e_0086.wav,e,2,Blue
2767,KLH033e_0087.wav,e,2,Blue
2768,KLH033e_0088.wav,e,2,Blue
2769,KLH033e_0089.wav,i,3,Black
2770,KLH033e_0090.wav,ai,11,Teal
2771,KLH033e_0091.wav,a,1,Red
2772,KLH033e_0092.wav,i,3,Black
2773,KLH033e_0093.wav,,6,Yellow
2774,KLH033e_0094.wav,i,3,Black
2775,KLH033e_0095.wav,a,1,Red
2776,KLH033e_0096.wav,o,4,Green
2777,KLH033e_0097.wav,a,1,Red
2778,KLH033e_0098.wav,o,4,Green
2779,KLH033e_0099.wav,o,4,Green
2780,KLH033e_0100.wav,a,1,Red
2781,KLH033e_0101.wav,u,5,Olive
2782,KLH033e_0102.wav,ei,22,Green
2783,KLH033e_0103.wav,i,3,Black
2784,KLH033e_0104.wav,a,1,Red
2785,KLH033e_0105.wav,ai,11,Teal
2786,KLH033e_0106.wav,i,3,Black
2787,KLH033e_0107.wav,ai,11,Teal
2788,KLH033e_0108.wav,o,4,Green
2789,KLH033e_0109.wav,u,5,Olive
2790,KLH033e_0110.wav,a,1,Red
2791,KLH033e_0111.wav,a,1,Red
2792,KLH033e_0112.wav,a,1,Red
2793,KLH033e_0113.wav,a,1,Red
2794,KLH033e_0114.wav,a,1,Red
2795,KLH033e_0115.wav,e,2,Blue
2796,KLH033e_0116.wav,e,2,Blue
2797,KLH033e_0117.wav,ai,11,Teal
2798,KLH033e_0118.wav,i,3,Black
2799,KLH033e_0119.wav,e,2,Blue
2800,KLH033e_0120.wav,u,5,Olive
2801,KLH033e_0121.wav,a,1,Red
2802,KLH033e_0122.wav,a,1,Red
2803,KLH033e_0123.wav,a,1,Red
2804,KLH033e_0124.wav,au,14,Maroon
2805,KLH033e_0125.wav,a,1,Red
2806,KLH033e_0126.wav,i,3,Black
2807,KLH033e_0127.wav,i,3,Black
2808,KLH033e_0128.wav,i,24,Yellow
2809,KLH033e_0129.wav,a,1,Red
2810,KLH033e_0130.wav,,6,Yellow
2811,KLH033e_0131.wav,o,4,Green
2812,KLH033e_0132.wav,i,3,Black
2813,KLH033e_0133.wav,au,14,Maroon
2814,KLH033e_0134.wav,M,9,Lime
2815,KLH033e_0135.wav,a,1,Red
2816,KLH033e_0136.wav,a,1,Red
2817,KLH033e_0137.wav,au,14,Maroon
2818,KLH033e_0138.wav,i,3,Black
2819,KLH033e_0139.wav,,6,Yellow
2820,KLH033e_0140.wav,a,1,Red
2821,KLH033e_0141.wav,o,4,Green
2822,KLH033e_0142.wav,a,1,Red
2823,KLH033e_0143.wav,a,1,Red
2824,KLH033e_0144.wav,i,3,Black
2825,KLH033e_0145.wav,e,2,Blue
2826,KLH033e_0146.wav,o,4,Green
2827,KLH033e_0147.wav,a,1,Red
2828,KLH033e_0148.wav,a,1,Red
2829,KLH033e_0149.wav,au,14,Maroon
2830,KLH033e_0150.wav,e,2,Blue
2831,KLH033e_0151.wav,e,2,Blue
2832,KLH033e_0152.wav,au,14,Maroon
2833,KLH033e_0153.wav,u,5,Olive
2834,KLH033e_0154.wav,i,3,Black
2835,KLH033e_0155.wav,a,1,Red
2836,KLH033e_0156.wav,ai,11,Teal
2837,KLH033e_0157.wav,a,1,Red
2838,KLH033e_0158.wav,au,14,Maroon
2839,KLH033e_0159.wav,i,3,Black
2840,KLH033e_0160.wav,e,2,Blue
2841,KLH033e_0161.wav,a,1,Red
2842,KLH033e_0162.wav,a,1,Red
2843,KLH033e_0163.wav,e,2,Blue
2844,KLH033e_0164.wav,e,2,Blue
2845,KLH033e_0165.wav,ai,11,Teal
2846,KLH033e_0166.wav,i,3,Black
2847,KLH033e_0167.wav,i,3,Black
2848,KLH033e_0168.wav,a,1,Red
2849,KLH033e_0169.wav,a,1,Red
2850,KLH033e_0170.wav,i,3,Black
2851,KLH033e_0171.wav,i,3,Black
2852,KLH033e_0172.wav,u,5,Olive
2853,KLH033e_0173.wav,a,1,Red
2854,KLH033e_0174.wav,a,1,Red
2855,KLH033e_0175.wav,ai,11,Teal
2856,KLH033e_0176.wav,a,1,Red
2857,KLH033e_0177.wav,au,14,Maroon
2858,KLH033e_0178.wav,i,3,Black
2859,KLH033e_0179.wav,i,3,Black
2860,KLH033e_0180.wav,,6,Yellow
2861,KLH033e_0181.wav,a,1,Red
2862,KLH033e_0182.wav,o,4,Green
2863,KLH033e_0183.wav,e,2,Blue
2864,KLH033e_0184.wav,i,3,Black
2865,KLH033e_0185.wav,o,4,Green
2866,KLH033e_0186.wav,i,3,Black
2867,KLH033e_0187.wav,,7,Magenta
2868,KLH033e_0188.wav,,6,Yellow
2869,KLH033e_0189.wav,e,2,Blue
2870,KLH033e_0190.wav,e,2,Blue
2871,KLH033e_0191.wav,i,3,Black
2872,KLH033e_0192.wav,i,3,Black
2873,KLH033e_0193.wav,a,1,Red
2874,KLH033e_0194.wav,a,1,Red
2875,KLH033e_0195.wav,i,3,Black
2876,KLH033e_0196.wav,i,3,Black
2877,KLH033e_0197.wav,i,3,Black
2878,KLH033e_0198.wav,,6,Yellow
2879,KLH033e_0199.wav,a,1,Red
2880,KLH033e_0200.wav,a,1,Red
2881,KLH033e_0201.wav,i,3,Black
2882,KLH033e_0202.wav,i,3,Black
2883,KLH033e_0203.wav,i,3,Black
2884,KLH033e_0204.wav,u,5,Olive
2885,KLH033e_0205.wav,a,1,Red
2886,KLH033e_0206.wav,a,1,Red
2887,KLH033e_0207.wav,e,2,Blue
2888,KLH033e_0208.wav,i,3,Black
2889,KLH033e_0209.wav,e,2,Blue
2890,KLH033e_0210.wav,u,5,Olive
2891,KLH033e_0211.wav,a,1,Red
2892,KLH033e_0212.wav,ai,11,Teal
2893,KLH033e_0213.wav,a,1,Red
2894,KLH033e_0214.wav,ae,12,Navy
2895,KLH033e_0215.wav,a,1,Red
2896,KLH033e_0216.wav,au,14,Maroon
2897,KLH033e_0217.wav,i,3,Black
2898,KLH033e_0218.wav,i,3,Black
2899,KLH033e_0219.wav,o,4,Green
2900,KLH033e_0220.wav,o,4,Green
2901,KLH033e_0221.wav,u,5,Olive
2902,KLH033e_0222.wav,u,5,Olive
2903,KLH033e_0223.wav,ei,22,Green
2904,KLH033e_0224.wav,i,3,Black
2905,KLH033e_0225.wav,i,3,Black
2906,KLH033e_0226.wav,,6,Yellow
2907,KLH033e_0227.wav,a,1,Red
2908,KLH033e_0228.wav,a,1,Red
2909,KLH033e_0229.wav,i,3,Black
2910,KLH033e_0230.wav,i,3,Black
2911,KLH033e_0231.wav,u,5,Olive
2912,KLH033e_0232.wav,i,3,Black
2913,KLH033e_0233.wav,k,10,Purple
2914,KLH033e_0234.wav,,6,Yellow
2915,KLH033e_0235.wav,i,3,Black
2916,KLH033e_0236.wav,a,1,Red
2917,KLH033e_0237.wav,a,1,Red
2918,KLH033e_0238.wav,a,1,Red
2919,KLH033e_0239.wav,i,3,Black
2920,KLH033e_0240.wav,a,1,Red
2921,KLH033e_0241.wav,a,1,Red
2922,KLH033e_0242.wav,oi,19,Red
2923,KLH033e_0243.wav,,7,Magenta
2924,KLH033e_0244.wav,,6,Yellow
2925,KLH033e_0245.wav,au,14,Maroon
2926,KLH033e_0246.wav,i,3,Black
2927,KLH033e_0247.wav,i,3,Black
2928,KLH033e_0248.wav,a,1,Red
2929,KLH033e_0249.wav,u,5,Olive
2930,KLH033e_0250.wav,a,1,Red
2931,KLH033e_0251.wav,a,1,Red
2932,KLH033e_0252.wav,,7,Magenta
2933,KLH033e_0253.wav,,6,Yellow
2934,KLH033e_0254.wav,i,3,Black
2935,KLH033e_0255.wav,,6,Yellow
2936,KLH033e_0256.wav,,6,Yellow
2937,KLH033e_0257.wav,u,5,Olive
2938,KLH033e_0258.wav,i,3,Black
2939,KLH033e_0259.wav,u,5,Olive
2940,KLH033e_0260.wav,i,3,Black
2941,KLH033e_0261.wav,k,10,Purple
2942,KLH033e_0262.wav,,6,Yellow
2943,KLH033e_0263.wav,o,4,Green
2944,KLH033e_0264.wav,o,4,Green
2945,KLH033e_0265.wav,o,4,Green
2946,KLH033e_0266.wav,u,5,Olive
2947,KLH033e_0267.wav,a,1,Red
2948,KLH033e_0268.wav,a,1,Red
2949,KLH033e_0269.wav,i,3,Black
2950,KLH033e_0270.wav,i,3,Black
2951,KLH033e_0271.wav,i,3,Black
2952,KLH033e_0272.wav,o,4,Green
2953,KLH033e_0273.wav,o,4,Green
2954,KLH033e_0274.wav,ai,11,Teal
2955,KLH033e_0275.wav,a,1,Red
2956,KLH033e_0276.wav,u,5,Olive
2957,KLH033e_0277.wav,,6,Yellow
2958,KLH033e_0278.wav,a,1,Red
2959,KLH033e_0279.wav,ai,11,Teal
2960,KLH033e_0280.wav,i,24,Yellow
2961,KLH033e_0281.wav,a,1,Red
2962,KLH033e_0282.wav,a,1,Red
2963,KLH033e_0283.wav,ai,11,Teal
2964,KLH033e_0284.wav,a,1,Red
2965,KLH033e_0285.wav,i,3,Black
2966,KLH033e_0286.wav,e,2,Blue
2967,KLH033e_0287.wav,e,2,Blue
2968,KLH033e_0288.wav,o,4,Green
2969,KLH033e_0289.wav,a,1,Red
2970,KLH033e_0290.wav,ai,11,Teal
2971,KLH033e_0291.wav,a,1,Red
2972,KLH033e_0292.wav,ae,12,Navy
2973,KLH033e_0293.wav,ai,11,Teal
2974,KLH033e_0294.wav,o,4,Green
2975,KLH033e_0295.wav,o,4,Green
2976,KLH033e_0296.wav,a,1,Red
2977,KLH033e_0297.wav,a,1,Red
2978,KLH033e_0298.wav,i,3,Black
2979,KLH033e_0299.wav,,6,Yellow
2980,KLH033e_0300.wav,,6,Yellow
2981,KLH033e_0301.wav,i,3,Black
2982,KLH033e_0302.wav,i,24,Yellow
2983,KLH033e_0303.wav,o,4,Green
2984,KLH033e_0304.wav,o,4,Green
2985,KLH033e_0305.wav,u,5,Olive
2986,KLH033e_0306.wav,u,5,Olive
2987,KLH033e_0307.wav,a,1,Red
2988,KLH033e_0308.wav,,7,Magenta
2989,KLH033e_0309.wav,,6,Yellow
2990,KLH033e_0310.wav,i,15,Grey
2991,KLH033e_0311.wav,a,1,Red
2992,KLH033e_0312.wav,o,4,Green
2993,KLH033e_0313.wav,o,4,Green
2994,KLH033e_0314.wav,u,5,Olive
2995,KLH033e_0315.wav,a,1,Red
2996,KLH033e_0316.wav,a,1,Red
2997,KLH033e_0317.wav,o,4,Green
2998,KLH033e_0318.wav,o,4,Green
2999,KLH033e_0319.wav,a,1,Red
3000,KLH033e_0320.wav,au,14,Maroon
3001,KLH033e_0321.wav,i,3,Black
3002,KLH033e_0322.wav,a,1,Red
3003,KLH033e_0323.wav,a,1,Red
3004,KLH033e_0324.wav,ai,11,Teal
3005,KLH033e_0325.wav,ai,11,Teal
3006,KLH033e_0326.wav,a,1,Red
3007,KLH033e_0327.wav,i,3,Black
3008,KLH033e_0328.wav,o,4,Green
3009,KLH033e_0329.wav,u,5,Olive
3010,KLH033e_0330.wav,o,4,Green
3011,KLH033e_0331.wav,a,1,Red
3012,KLH033e_0332.wav,a,1,Red
3013,KLH033e_0333.wav,a,1,Red
3014,KLH033e_0334.wav,a,1,Red
3015,KLH033e_0335.wav,e,2,Blue
3016,KLH033e_0336.wav,a,1,Red
3017,KLH033e_0337.wav,a,1,Red
3018,KLH033e_0338.wav,e,2,Blue
3019,KLH033e_0339.wav,,6,Yellow
3020,KLH033e_0340.wav,i,3,Black
3021,KLH033e_0341.wav,a,1,Red
3022,KLH033e_0342.wav,a,1,Red
3023,KLH033e_0343.wav,ai,11,Teal
3024,KLH033e_0344.wav,,6,Yellow
3025,KLH033e_0345.wav,,6,Yellow
3026,KLH033e_0346.wav,u,5,Olive
3027,KLH033e_0347.wav,ai,11,Teal
3028,KLH033e_0348.wav,M,9,Lime
3029,KLH033e_0349.wav,,6,Yellow
3030,KLH033e_0350.wav,ou,20,Blue
3031,KLH033e_0351.wav,e,2,Blue
3032,KLH033e_0352.wav,e,2,Blue
3033,KLH033e_0353.wav,e,2,Blue
3034,KLH033e_0354.wav,ai,11,Teal
3035,KLH033e_0355.wav,ae,12,Navy
3036,KLH033e_0356.wav,a,1,Red
3037,KLH033e_0357.wav,u,5,Olive
3038,KLH033e_0358.wav,a,1,Red
3039,KLH033e_0359.wav,a,1,Red
3040,KLH033e_0360.wav,o,4,Green
3041,KLH033e_0361.wav,i,24,Yellow
3042,KLH033e_0362.wav,a,1,Red
3043,KLH033e_0363.wav,a,1,Red
3044,KLH033e_0364.wav,u,5,Olive
3045,KLH033e_0365.wav,ei,22,Green
3046,KLH033e_0366.wav,M,9,Lime
3047,KLH033e_0367.wav,a,1,Red
3048,KLH033e_0368.wav,ai,11,Teal
3049,KLH033e_0369.wav,i,3,Black
3050,KLH033e_0370.wav,a,1,Red
3051,KLH033e_0371.wav,a,1,Red
3052,KLH033e_0372.wav,au,14,Maroon
3053,KLH033e_0373.wav,o,4,Green
3054,KLH033e_0374.wav,i,3,Black
3055,KLH033e_0375.wav,ei,22,Green
3056,KLH033e_0376.wav,a,1,Red
3057,KLH033e_0377.wav,u,5,Olive
3058,KLH033e_0378.wav,i,3,Black
3059,KLH033e_0379.wav,o,4,Green
3060,KLH033e_0380.wav,o,4,Green
3061,KLH033e_0381.wav,ao,13,Pink
3062,KLH033e_0382.wav,o,4,Green
3063,KLH033e_0383.wav,o,4,Green
3064,KLH033e_0384.wav,ai,11,Teal
3065,KLH033e_0385.wav,a,1,Red
3066,KLH033e_0386.wav,u,5,Olive
3067,KLH033e_0387.wav,M,9,Lime
3068,KLH033e_0388.wav,,6,Yellow
3069,KLH033e_0389.wav,ou,20,Blue
3070,KLH033e_0390.wav,i,3,Black
3071,KLH033e_0391.wav,,6,Yellow
3072,KLH033e_0392.wav,,6,Yellow
3073,KLH033e_0393.wav,ou,20,Blue
3074,KLH033e_0394.wav,u,5,Olive
3075,KLH033e_0395.wav,a,1,Red
3076,KLH033e_0396.wav,a,1,Red
3077,KLH033e_0397.wav,iu,25,Magenta
3078,KLH033e_0398.wav,a,1,Red
3079,KLH033e_0399.wav,o,4,Green
3080,KLH033e_0400.wav,i,3,Black
3081,KLH033e_0401.wav,a,1,Red
3082,KLH033e_0402.wav,e,2,Blue
3083,KLH033e_0403.wav,i,3,Black
3084,KLH033e_0404.wav,a,1,Red
3085,KLH033e_0405.wav,ei,22,Green
3086,KLH033e_0406.wav,,6,Yellow
3087,KLH033e_0407.wav,,6,Yellow
3088,KLH033e_0408.wav,ou,20,Blue
3089,KLH033e_0409.wav,a,1,Red
3090,KLH033e_0410.wav,a,1,Red
3091,KLH033e_0411.wav,a,1,Red
3092,KLH033e_0412.wav,e,2,Blue
3093,KLH033e_0413.wav,e,2,Blue
3094,KLH033e_0414.wav,e,2,Blue
3095,KLH033e_0415.wav,u,5,Olive
3096,KLH033e_0416.wav,e,2,Blue
3097,KLH033e_0417.wav,e,2,Blue
3098,KLH033e_0418.wav,e,2,Blue
3099,KLH033e_0419.wav,u,5,Olive
3100,KLH033e_0420.wav,e,2,Blue
3101,KLH033e_0421.wav,i,3,Black
3102,KLH033e_0422.wav,a,1,Red
3103,KLH033e_0423.wav,a,1,Red
3104,KLH033e_0424.wav,a,1,Red
3105,KLH033e_0425.wav,u,5,Olive
3106,KLH033e_0426.wav,i,3,Black
3107,KLH033e_0427.wav,o,4,Green
3108,KLH033e_0428.wav,a,1,Red
3109,KLH033e_0429.wav,o,4,Green
3110,KLH033e_0430.wav,a,1,Red
3111,KLH033e_0431.wav,a,1,Red
3112,KLH033e_0432.wav,o,4,Green
3113,KLH033e_0433.wav,i,3,Black
3114,KLH033e_0434.wav,a,1,Red
3115,KLH033e_0435.wav,M,9,Lime
3116,KLH033e_0436.wav,o,4,Green
3117,KLH033e_0437.wav,i,3,Black
3118,KLH033e_0438.wav,e,2,Blue
3119,KLH033e_0439.wav,i,3,Black
3120,KLH033e_0440.wav,a,1,Red
3121,KLH033e_0441.wav,o,4,Green
3122,KLH033e_0442.wav,e,2,Blue
3123,KLH033e_0443.wav,a,1,Red
3124,KLH033e_0444.wav,e,2,Blue
3125,KLH033e_0445.wav,M,9,Lime
3126,KLH033e_0446.wav,,7,Magenta
3127,KLH033e_0447.wav,,6,Yellow
3128,KLH033e_0448.wav,a,1,Red
3129,KLH033e_0449.wav,a,1,Red
3130,KLH033e_0450.wav,ai,11,Teal
3131,KLH033e_0451.wav,e,2,Blue
3132,KLH033e_0452.wav,i,3,Black
3133,KLH033e_0453.wav,i,3,Black
3134,KLH033e_0454.wav,o,4,Green
3135,KLH033e_0455.wav,i,3,Black
3136,KLH033e_0456.wav,i,24,Yellow
3137,KLH033e_0457.wav,o,4,Green
3138,KLH033e_0458.wav,i,3,Black
3139,KLH033e_0459.wav,a,1,Red
3140,KLH033e_0460.wav,M,9,Lime
3141,KLH033e_0461.wav,a,1,Red
3142,KLH033e_0462.wav,ei,22,Green
3143,KLH033e_0463.wav,a,1,Red
3144,KLH033e_0464.wav,e,2,Blue
3145,KLH033e_0465.wav,u,5,Olive
3146,KLH033e_0466.wav,a,1,Red
3147,KLH033e_0467.wav,e,2,Blue
3148,KLH033e_0468.wav,e,2,Blue
3149,KLH033e_0469.wav,i,3,Black
